phase_label,engine_code,power_kw,3dr|02K|FWD,5dr|02K|FWD,Estate|02K|FWD,3dr|01M|FWD,5dr|01M|FWD,Estate|01M|FWD,3dr|02J|FWD,5dr|02J|FWD,Estate|02J|FWD,3dr|02M|haldex_gen1,5dr|02M|haldex_gen1,Estate|02M|haldex_gen1
Pre-facelift,AXP,55,x,x,x,,,,,,,,,
Pre-facelift,AKL,74,x,x,x,x,x,x,,,,,,
Pre-facelift,AGN,92,,,,x,x,x,x,x,x,,,
Pre-facelift,APK,85,,,,,,,x,x,x,,,
Pre-facelift,AGP,50,,,,,,,x,x,x,,,
Pre-facelift,AGR,66,,,,x,x,x,x,x,x,x,x,x
Pre-facelift,AHF,81,,,,x,x,x,x,x,x,,,
Pre-facelift,AGU,110,,,,,,,x,x,,,,
Pre-facelift,AUQ,132,,,,,,,x,x,,,,
Pre-facelift,AGZ,110,,,,x,x,x,x,x,x,x,x,x
