vehicle_id,brand,model,production_years,transmission_variant,awd_engine_labels,proposed_code,confidence,reason
c6db572c-cd14-4024-a0f1-c52140198d86,Audi,Q3 (8U),2011 - 2018,6-speed Manual,quattro,,high,"FINAL — confirmed: this row is FWD-only per its own notes (""For FWD diesel and 1.4 TFSI""), not AWD-relevant. Correctly has no drivetrain code."
c6db572c-cd14-4024-a0f1-c52140198d86,Audi,Q3 (8U),2011 - 2018,S-tronic DQ200 (7-speed dry),quattro,,high,"FINAL — confirmed: this row is FWD-only per its own notes (""For 1.4 TFSI FWD""), not AWD-relevant. Correctly has no drivetrain code."
c6db572c-cd14-4024-a0f1-c52140198d86,Audi,Q3 (8U),2011 - 2018,S-tronic DQ250 (6-speed wet),quattro,haldex_gen5,medium,"FINAL — confirmed by user as an INTERIM pairing pending a future facelift split. This is the one AWD-relevant row (""for quattro models"" per its own transmission notes); its production span (2011-2018) straddles the pre/post-2014-facelift haldex_gen4/gen5 boundary with no way to distinguish which era from this single DB row — haldex_gen5 applied as the interim default."
84e5f4d0-3f40-4377-8556-dd8926cb3a9f,BMW,5 Series / i5 (G60),2023 - Present,ZF 8HP,xdrive,,low,"This transmission row (""ZF 8HP"") is the 520d diesel's own 8-speed torque-converter automatic — that engine is RWD, not AWD, in this DB row. Only the electric i5 M60 xDrive engine is AWD here, and it pairs with the OTHER transmission row (""Single-speed EV (i5)""), not this one."
627f1019-935b-4c14-869e-8beaf20581a0,Cupra,Formentor,2020 - Present,6-speed Manual,,haldex_gen5,high,FINAL — confirmed by user. MQB platform (same rationale as SEAT Leon III 4Drive/Ateca/Tarraco/A3(8V)).
627f1019-935b-4c14-869e-8beaf20581a0,Cupra,Formentor,2020 - Present,DSG DQ200 (7-speed dry),,haldex_gen5,high,FINAL — confirmed by user. MQB platform (same rationale as SEAT Leon III 4Drive/Ateca/Tarraco/A3(8V)).
627f1019-935b-4c14-869e-8beaf20581a0,Cupra,Formentor,2020 - Present,DSG DQ381 (7-speed wet),,haldex_gen5,high,FINAL — confirmed by user. MQB platform (same rationale as SEAT Leon III 4Drive/Ateca/Tarraco/A3(8V)).
1c57f878-5377-4952-b83f-6c57b98ba858,Mitsubishi,L200 (KL),2019 - Present,6-speed Manual,,,low,FINAL — confirmed by user: left OUT of pairing entirely. No reliable signal in this DB distinguishes Easy Select vs Super Select 4WD-II trim; not guessing.
1c57f878-5377-4952-b83f-6c57b98ba858,Mitsubishi,L200 (KL),2019 - Present,Aisin 6AT,,,low,FINAL — confirmed by user: left OUT of pairing entirely. No reliable signal in this DB distinguishes Easy Select vs Super Select 4WD-II trim; not guessing.
c70f4664-2872-4fae-985d-ddcfd9bfbc46,SEAT,Ateca,2016 - Present,6-speed Manual,,haldex_gen5,high,FINAL — confirmed by user. MQB platform.
c70f4664-2872-4fae-985d-ddcfd9bfbc46,SEAT,Ateca,2016 - Present,DSG DQ200 (7-speed dry),,haldex_gen5,high,FINAL — confirmed by user. MQB platform.
c70f4664-2872-4fae-985d-ddcfd9bfbc46,SEAT,Ateca,2016 - Present,DSG DQ381 (7-speed wet),,haldex_gen5,high,FINAL — confirmed by user. MQB platform.
2f0dc803-a40b-46c3-bff8-c2b306c1fb92,SEAT,Tarraco,2018 - Present,6-speed Manual,,haldex_gen5,high,FINAL — confirmed by user. MQB platform.
2f0dc803-a40b-46c3-bff8-c2b306c1fb92,SEAT,Tarraco,2018 - Present,DSG DQ381 (7-speed wet),,haldex_gen5,high,FINAL — confirmed by user. MQB platform.
b2ac5992-e1fb-47f1-a9a3-a9d1a88b31ec,Audi,A3 (8V),2012 - 2020,6-speed Manual,quattro,haldex_gen5,high,FINAL — confirmed by user. MQB platform.
b2ac5992-e1fb-47f1-a9a3-a9d1a88b31ec,Audi,A3 (8V),2012 - 2020,S-tronic DQ200 (7-speed dry),quattro,haldex_gen5,high,FINAL — confirmed by user. MQB platform.
b2ac5992-e1fb-47f1-a9a3-a9d1a88b31ec,Audi,A3 (8V),2012 - 2020,S-tronic DQ250/DQ381 (6/7-speed wet),quattro,haldex_gen5,high,FINAL — confirmed by user. MQB platform.
ac8e64b1-a4b9-4ec7-a3ea-e500c0759098,Audi,A3 (8Y),2020 - Present,6-speed Manual,quattro,haldex_gen5,low,"Not listed — MQB Evo successor to A3(8V)/Golf VII platform family; platform continuity inferred, not a direct listing. [Note: this model also has non-AWD engine variants in the DB; this transmission row may belong to one of those instead.]"
ac8e64b1-a4b9-4ec7-a3ea-e500c0759098,Audi,A3 (8Y),2020 - Present,S-tronic DQ200 (7-speed dry),quattro,haldex_gen5,low,"Not listed — MQB Evo successor to A3(8V)/Golf VII platform family; platform continuity inferred, not a direct listing. [Note: this model also has non-AWD engine variants in the DB; this transmission row may belong to one of those instead.]"
ac8e64b1-a4b9-4ec7-a3ea-e500c0759098,Audi,A3 (8Y),2020 - Present,S-tronic DQ381 (7-speed wet),quattro,haldex_gen5,low,"Not listed — MQB Evo successor to A3(8V)/Golf VII platform family; platform continuity inferred, not a direct listing. [Note: this model also has non-AWD engine variants in the DB; this transmission row may belong to one of those instead.]"
5ae5ed0d-ad49-43ab-a934-fe595f00e25c,Audi,A4 (B9),2015 - Present,6-speed Manual,quattro,quattro_ultra,low,This vehicle's AWD engine is a TDI quattro; manual+quattro combinations exist on some A4 variants but I can't confirm this specific manual row is the AWD-paired one rather than one of the FWD-only petrol engines' gearbox.
5ae5ed0d-ad49-43ab-a934-fe595f00e25c,Audi,A4 (B9),2015 - Present,S-tronic DQ200 (7-speed dry),quattro,quattro_ultra,low,"Also ""7-speed S-tronic"" per the doc's literal qualifier, but the DRY-clutch DQ200 is more commonly paired with lower-torque FWD-only applications in this catalog — likely this row actually belongs to one of A4(B9)'s FWD-only petrol engines, not the AWD quattro TDI. Flagging the uncertainty rather than asserting it confidently."
a4ecc706-c773-4fe5-8e37-95bcb761ebf1,Audi,Q2 (GA),2016 - Present,6-speed Manual,quattro,haldex_gen5,low,"Not listed. MQB-A0 platform, same generation cohort as haldex_gen5-listed siblings — platform inference only. [Note: this model also has non-AWD engine variants in the DB; this transmission row may belong to one of those instead.]"
a4ecc706-c773-4fe5-8e37-95bcb761ebf1,Audi,Q2 (GA),2016 - Present,S-tronic DQ200 (7-speed dry),quattro,haldex_gen5,low,"Not listed. MQB-A0 platform, same generation cohort as haldex_gen5-listed siblings — platform inference only. [Note: this model also has non-AWD engine variants in the DB; this transmission row may belong to one of those instead.]"
a4ecc706-c773-4fe5-8e37-95bcb761ebf1,Audi,Q2 (GA),2016 - Present,S-tronic DQ381 (7-speed wet),quattro,haldex_gen5,low,"Not listed. MQB-A0 platform, same generation cohort as haldex_gen5-listed siblings — platform inference only. [Note: this model also has non-AWD engine variants in the DB; this transmission row may belong to one of those instead.]"
20c07f62-6a13-4ad1-9acd-fd46eb2d8cd5,Audi,TT (8S),2014 - 2023,6-speed Manual,quattro,haldex_gen5,low,"Not listed anywhere. Transverse MQB platform car — Audi transverse-platform quattro cars use Haldex-derived hardware, not the Torsen centre diff reserved for longitudinal-engine Audis, despite sharing the quattro badge name."
20c07f62-6a13-4ad1-9acd-fd46eb2d8cd5,Audi,TT (8S),2014 - 2023,S-tronic DQ200 (7-speed dry),quattro,haldex_gen5,low,"Not listed anywhere. Transverse MQB platform car — Audi transverse-platform quattro cars use Haldex-derived hardware, not the Torsen centre diff reserved for longitudinal-engine Audis, despite sharing the quattro badge name."
20c07f62-6a13-4ad1-9acd-fd46eb2d8cd5,Audi,TT (8S),2014 - 2023,S-tronic DQ381 (7-speed wet),quattro,haldex_gen5,low,"Not listed anywhere. Transverse MQB platform car — Audi transverse-platform quattro cars use Haldex-derived hardware, not the Torsen centre diff reserved for longitudinal-engine Audis, despite sharing the quattro badge name."
52aa001b-8d9c-468f-a6e6-6f5ef429de0a,Škoda,Karoq (NU),2017 - Present,6-speed MQ250,,haldex_gen5,low,Not listed. MQB platform-mate of VW Tiguan II/Golf VII (haldex_gen5) — platform inference only. [Note: this model also has non-AWD engine variants in the DB; this transmission row may belong to one of those instead.]
52aa001b-8d9c-468f-a6e6-6f5ef429de0a,Škoda,Karoq (NU),2017 - Present,DSG 7 (DQ381),,haldex_gen5,low,Not listed. MQB platform-mate of VW Tiguan II/Golf VII (haldex_gen5) — platform inference only. [Note: this model also has non-AWD engine variants in the DB; this transmission row may belong to one of those instead.]
42eed166-bef1-4867-9d6b-0db975b592fc,Škoda,Kodiaq (NS7),2016 - 2024,DSG 7 (DQ381),,haldex_gen5,low,Not listed. Same MQB platform family/generation era as haldex_gen5 examples — platform inference only. [Note: this model also has non-AWD engine variants in the DB; this transmission row may belong to one of those instead.]
42eed166-bef1-4867-9d6b-0db975b592fc,Škoda,Kodiaq (NS7),2016 - 2024,DSG 7 (DQ500),,haldex_gen5,low,Not listed. Same MQB platform family/generation era as haldex_gen5 examples — platform inference only. [Note: this model also has non-AWD engine variants in the DB; this transmission row may belong to one of those instead.]
6048aa32-716d-4d6a-a86d-ac2974a3e704,Škoda,Octavia IV (NX),2020 - Present,6-speed MQ250,,haldex_gen5,low,"Not listed — only the PRIOR generation Octavia III (5E) is listed under haldex_gen5. Octavia IV continues the same Haldex-family MQB Evo platform, one generation removed from the direct listing. [Note: this model also has non-AWD engine variants in the DB; this transmission row may belong to one of those instead.]"
6048aa32-716d-4d6a-a86d-ac2974a3e704,Škoda,Octavia IV (NX),2020 - Present,DSG 7 (DQ381),,haldex_gen5,low,"Not listed — only the PRIOR generation Octavia III (5E) is listed under haldex_gen5. Octavia IV continues the same Haldex-family MQB Evo platform, one generation removed from the direct listing. [Note: this model also has non-AWD engine variants in the DB; this transmission row may belong to one of those instead.]"
93fa7d4b-3004-4024-8a2a-9d6c9fc7cfb6,Škoda,Yeti (5L),2009 - 2017,6-speed MQ250/MQ350,,haldex_gen4,low,"Listed under haldex_gen4 but bounded ""up to ~2013/2014""; DB production span is 2009-2017, so a large share of its actual run (2014-2017) falls well outside the stated window — likely gen5-era for later cars. [Note: this model also has non-AWD engine variants in the DB; this transmission row may belong to one of those instead.]"
93fa7d4b-3004-4024-8a2a-9d6c9fc7cfb6,Škoda,Yeti (5L),2009 - 2017,DSG 6 (DQ250),,haldex_gen4,low,"Listed under haldex_gen4 but bounded ""up to ~2013/2014""; DB production span is 2009-2017, so a large share of its actual run (2014-2017) falls well outside the stated window — likely gen5-era for later cars. [Note: this model also has non-AWD engine variants in the DB; this transmission row may belong to one of those instead.]"
772fe0e6-2b89-4988-9bb5-b65efbac5f92,Toyota,Yaris Cross (XP210),2021 - Present,eCVT (Hybrid),,e_axle_hybrid,low,"Not listed and no AWD-i badge detected in this DB's engine label (unlike RAV4/Corolla Cross) — inferring from Toyota's shared hybrid-AWD architecture across its small-SUV range, weaker signal than the badge-confirmed cases. [Note: this model also has non-AWD engine variants in the DB; this transmission row may belong to one of those instead.]"
f15560b9-712d-44b0-bbe4-135b07654afb,Volkswagen,Multivan / Transporter T6,2015 - Present,5-speed Manual,4motion,haldex_gen5,low,"Not listed anywhere. VW commercial platform using the 4MOTION badge (Haldex-family historically for T-series) — no direct listing, badge/platform inference only. [Note: this model also has non-AWD engine variants in the DB; this transmission row may belong to one of those instead.]"
f15560b9-712d-44b0-bbe4-135b07654afb,Volkswagen,Multivan / Transporter T6,2015 - Present,6-speed Manual,4motion,haldex_gen5,low,"Not listed anywhere. VW commercial platform using the 4MOTION badge (Haldex-family historically for T-series) — no direct listing, badge/platform inference only. [Note: this model also has non-AWD engine variants in the DB; this transmission row may belong to one of those instead.]"
f15560b9-712d-44b0-bbe4-135b07654afb,Volkswagen,Multivan / Transporter T6,2015 - Present,DSG DQ500 (7-speed wet),4motion,haldex_gen5,low,"Not listed anywhere. VW commercial platform using the 4MOTION badge (Haldex-family historically for T-series) — no direct listing, badge/platform inference only. [Note: this model also has non-AWD engine variants in the DB; this transmission row may belong to one of those instead.]"
b7254ead-fe55-401c-bbeb-31373536778c,Volkswagen,Sharan (7N),2010 - 2022,6-speed Manual,4motion,haldex_gen5,low,"Doc lists Sharan(7N) under haldex_gen4 bounded ""up to ~2013/2014"", but DB's actual span is 2010-2022 — most (8 of 12) production years fall AFTER that stated cutoff. Proposing gen5 as the majority-era fit instead of the doc's literal gen4 listing — flagging this conflict rather than silently deferring to either source. [Note: this model also has non-AWD engine variants in the DB; this transmission row may belong to one of those instead.]"
b7254ead-fe55-401c-bbeb-31373536778c,Volkswagen,Sharan (7N),2010 - 2022,DSG DQ250 (6-speed wet),4motion,haldex_gen5,low,"Doc lists Sharan(7N) under haldex_gen4 bounded ""up to ~2013/2014"", but DB's actual span is 2010-2022 — most (8 of 12) production years fall AFTER that stated cutoff. Proposing gen5 as the majority-era fit instead of the doc's literal gen4 listing — flagging this conflict rather than silently deferring to either source. [Note: this model also has non-AWD engine variants in the DB; this transmission row may belong to one of those instead.]"
53257c02-e882-43ce-872d-5d63e33392c7,Audi,A4 (B8),2008 - 2015,6-speed Manual,quattro,quattro_torsen,medium,"Literally listed under quattro_torsen. [Downgraded from high: this model has both AWD and non-AWD engine variants in the DB; transmission rows aren't linked to specific engines, so this proposal may not apply to every variant listed.]"
53257c02-e882-43ce-872d-5d63e33392c7,Audi,A4 (B8),2008 - 2015,Multitronic CVT,quattro,quattro_torsen,medium,"Literally listed under quattro_torsen. [Downgraded from high: this model has both AWD and non-AWD engine variants in the DB; transmission rows aren't linked to specific engines, so this proposal may not apply to every variant listed.]"
53257c02-e882-43ce-872d-5d63e33392c7,Audi,A4 (B8),2008 - 2015,S-tronic DQ250 (6-speed wet),quattro,quattro_torsen,medium,"Literally listed under quattro_torsen. [Downgraded from high: this model has both AWD and non-AWD engine variants in the DB; transmission rows aren't linked to specific engines, so this proposal may not apply to every variant listed.]"
5ae5ed0d-ad49-43ab-a934-fe595f00e25c,Audi,A4 (B9),2015 - Present,S-tronic DQ381 (7-speed wet),quattro,quattro_ultra,medium,"Reference doc lists ""Audi A4 (B9) (4-cylinders and 7-speed S-Tronic)"" under quattro_ultra. Of this vehicle's 3 transmission variants, the 7-speed WET-clutch S-tronic (DQ381) is the one plausibly paired with the sole AWD engine (2.0 TDI quattro) — DCT wet clutches handle diesel torque better than the dry DQ200. Not a rule you gave me, my own technical inference."
9b7d7a5d-aafa-4cb5-852b-125ec06ccce8,Audi,A5 Sportback (F5),2016 - Present,S-tronic DQ200 (7-speed dry),quattro,quattro_ultra,medium,"Literally listed under quattro_ultra, no qualifier attached. [Downgraded from high: this model has both AWD and non-AWD engine variants in the DB; transmission rows aren't linked to specific engines, so this proposal may not apply to every variant listed.]"
9b7d7a5d-aafa-4cb5-852b-125ec06ccce8,Audi,A5 Sportback (F5),2016 - Present,S-tronic DQ381 (7-speed wet),quattro,quattro_ultra,medium,"Literally listed under quattro_ultra, no qualifier attached. [Downgraded from high: this model has both AWD and non-AWD engine variants in the DB; transmission rows aren't linked to specific engines, so this proposal may not apply to every variant listed.]"
9b7d7a5d-aafa-4cb5-852b-125ec06ccce8,Audi,A5 Sportback (F5),2016 - Present,Tiptronic 8AT (ZF 8HP),quattro,quattro_ultra,medium,"Literally listed under quattro_ultra, no qualifier attached. [Downgraded from high: this model has both AWD and non-AWD engine variants in the DB; transmission rows aren't linked to specific engines, so this proposal may not apply to every variant listed.]"
66364492-fbcf-4147-9ad3-df8d5005c329,Audi,Q3 (F3),2018 - Present,S-tronic DQ200 (7-speed dry),quattro,haldex_gen5,medium,"Not listed, but direct successor generation to Q3(8U) facelift, which the reference doc puts in haldex_gen5 — no documented AWD-system change for F3. [Note: this model also has non-AWD engine variants in the DB; this transmission row may belong to one of those instead.]"
66364492-fbcf-4147-9ad3-df8d5005c329,Audi,Q3 (F3),2018 - Present,S-tronic DQ381 (7-speed wet),quattro,haldex_gen5,medium,"Not listed, but direct successor generation to Q3(8U) facelift, which the reference doc puts in haldex_gen5 — no documented AWD-system change for F3. [Note: this model also has non-AWD engine variants in the DB; this transmission row may belong to one of those instead.]"
bf09b478-95ca-49d4-8769-004e67172814,Audi,Q4 e-tron,2021 - Present,Single-speed EV,quattro,dual_motor_ev,medium,"Literally listed under dual_motor_ev (""Audi Q4 e-tron quattro""). [Downgraded from high: this model has both AWD and non-AWD engine variants in the DB; transmission rows aren't linked to specific engines, so this proposal may not apply to every variant listed.]"
e9704b97-ba49-4dea-a405-88600aeba39b,BMW,1 Series (F40),2019 - Present,6-speed Manual,xdrive,xdrive_trans,medium,"Literally listed under xdrive_trans. [Downgraded from high: this model has both AWD and non-AWD engine variants in the DB; transmission rows aren't linked to specific engines, so this proposal may not apply to every variant listed.]"
e9704b97-ba49-4dea-a405-88600aeba39b,BMW,1 Series (F40),2019 - Present,Aisin 8AT / ZF 8HP,xdrive,xdrive_trans,medium,"Literally listed under xdrive_trans. [Downgraded from high: this model has both AWD and non-AWD engine variants in the DB; transmission rows aren't linked to specific engines, so this proposal may not apply to every variant listed.]"
99e31940-20f5-4f1f-a4ea-9ada60ec9c82,BMW,3 Series (G20/G21),2019 - Present,6-speed Manual,xdrive,xdrive_long,medium,"Literally listed under xdrive_long. [Downgraded from high: this model has both AWD and non-AWD engine variants in the DB; transmission rows aren't linked to specific engines, so this proposal may not apply to every variant listed.]"
99e31940-20f5-4f1f-a4ea-9ada60ec9c82,BMW,3 Series (G20/G21),2019 - Present,ZF 8HP,xdrive,xdrive_long,medium,"Literally listed under xdrive_long. [Downgraded from high: this model has both AWD and non-AWD engine variants in the DB; transmission rows aren't linked to specific engines, so this proposal may not apply to every variant listed.]"
a12f413a-dc14-4af0-bb10-f14621621c86,BMW,i4,2021 - Present,Single-speed EV,,dual_motor_ev,medium,"Literally listed under dual_motor_ev (""BMW i4 (xDrive40/M50)""). [Downgraded from high: this model has both AWD and non-AWD engine variants in the DB; transmission rows aren't linked to specific engines, so this proposal may not apply to every variant listed.]"
343e0993-0b4a-4a85-bd00-7c47c298b73f,BMW,X1 (E84),2009 - 2015,6-speed Manual,xdrive,xdrive_long,medium,"Literally listed under xdrive_long (""BMW X1 (E84 xDrive)"") — note: E84 sDrive is RWD/not AWD, out of scope here. [Downgraded from high: this model has both AWD and non-AWD engine variants in the DB; transmission rows aren't linked to specific engines, so this proposal may not apply to every variant listed.]"
343e0993-0b4a-4a85-bd00-7c47c298b73f,BMW,X1 (E84),2009 - 2015,ZF 8HP,xdrive,xdrive_long,medium,"Literally listed under xdrive_long (""BMW X1 (E84 xDrive)"") — note: E84 sDrive is RWD/not AWD, out of scope here. [Downgraded from high: this model has both AWD and non-AWD engine variants in the DB; transmission rows aren't linked to specific engines, so this proposal may not apply to every variant listed.]"
707aeb7b-36f8-40d6-a7f7-01f5c0bb6f8f,BMW,X1 (F48),2015 - 2022,6-speed Manual,xdrive,xdrive_trans,medium,"Literally listed under xdrive_trans. [Downgraded from high: this model has both AWD and non-AWD engine variants in the DB; transmission rows aren't linked to specific engines, so this proposal may not apply to every variant listed.]"
707aeb7b-36f8-40d6-a7f7-01f5c0bb6f8f,BMW,X1 (F48),2015 - 2022,Aisin 8AT / ZF 8HP,xdrive,xdrive_trans,medium,"Literally listed under xdrive_trans. [Downgraded from high: this model has both AWD and non-AWD engine variants in the DB; transmission rows aren't linked to specific engines, so this proposal may not apply to every variant listed.]"
bb2fe6a1-c6d8-42a5-958b-5d19bd8613dc,BMW,X1 (U11),2022 - Present,Aisin 7DCT / ZF 8HP,xdrive,xdrive_trans,medium,"Literally listed under xdrive_trans (""BMW X1 (F48 xDrive, U11 xDrive)"") — the EV iX1(U11) is a separate DB row/code. [Downgraded from high: this model has both AWD and non-AWD engine variants in the DB; transmission rows aren't linked to specific engines, so this proposal may not apply to every variant listed.]"
50cbad36-b3ea-4580-90fa-f4378d9e5de1,BMW,X2 (F39),2018 - 2024,6-speed Manual,xdrive,xdrive_trans,medium,"Literally listed under xdrive_trans. [Downgraded from high: this model has both AWD and non-AWD engine variants in the DB; transmission rows aren't linked to specific engines, so this proposal may not apply to every variant listed.]"
50cbad36-b3ea-4580-90fa-f4378d9e5de1,BMW,X2 (F39),2018 - 2024,Aisin 8AT / ZF 8HP,xdrive,xdrive_trans,medium,"Literally listed under xdrive_trans. [Downgraded from high: this model has both AWD and non-AWD engine variants in the DB; transmission rows aren't linked to specific engines, so this proposal may not apply to every variant listed.]"
c367ce1e-6e06-4f99-8735-4637c85e641c,BYD,Seal,2023 - Present,Single-speed EV,,dual_motor_ev,medium,"Literally listed under dual_motor_ev (""BYD Seal AWD""). [Downgraded from high: this model has both AWD and non-AWD engine variants in the DB; transmission rows aren't linked to specific engines, so this proposal may not apply to every variant listed.]"
f6d6b1b9-9cfa-4486-8e9f-0f9b2b9b88ec,Dacia,Duster I (HS),2010 - 2017,5-speed Manual,4x4,econo_coupling,medium,"Literally listed under econo_coupling. [Downgraded from high: this model has both AWD and non-AWD engine variants in the DB; transmission rows aren't linked to specific engines, so this proposal may not apply to every variant listed.]"
f6d6b1b9-9cfa-4486-8e9f-0f9b2b9b88ec,Dacia,Duster I (HS),2010 - 2017,6-speed Manual,4x4,econo_coupling,medium,"Literally listed under econo_coupling. [Downgraded from high: this model has both AWD and non-AWD engine variants in the DB; transmission rows aren't linked to specific engines, so this proposal may not apply to every variant listed.]"
dbc633f9-7a66-4b79-99f9-453485d674c4,Dacia,Duster II (HM),2018 - Present,5-speed Manual,4x4,econo_coupling,medium,"Literally listed under econo_coupling. [Downgraded from high: this model has both AWD and non-AWD engine variants in the DB; transmission rows aren't linked to specific engines, so this proposal may not apply to every variant listed.]"
dbc633f9-7a66-4b79-99f9-453485d674c4,Dacia,Duster II (HM),2018 - Present,6-speed Manual,4x4,econo_coupling,medium,"Literally listed under econo_coupling. [Downgraded from high: this model has both AWD and non-AWD engine variants in the DB; transmission rows aren't linked to specific engines, so this proposal may not apply to every variant listed.]"
dbc633f9-7a66-4b79-99f9-453485d674c4,Dacia,Duster II (HM),2018 - Present,CVT (X-Tronic),4x4,econo_coupling,medium,"Literally listed under econo_coupling. [Downgraded from high: this model has both AWD and non-AWD engine variants in the DB; transmission rows aren't linked to specific engines, so this proposal may not apply to every variant listed.]"
19aac2f7-fb9f-4522-884a-80042331f839,Dacia,Duster III (HN),2024 - Present,6-speed Manual (4x4),4x4,econo_coupling,medium,"Literally listed under econo_coupling. [Downgraded from high: this model has both AWD and non-AWD engine variants in the DB; transmission rows aren't linked to specific engines, so this proposal may not apply to every variant listed.]"
19aac2f7-fb9f-4522-884a-80042331f839,Dacia,Duster III (HN),2024 - Present,E-TECH Clutchless Auto (Hybrid),4x4,econo_coupling,medium,"Literally listed under econo_coupling. [Downgraded from high: this model has both AWD and non-AWD engine variants in the DB; transmission rows aren't linked to specific engines, so this proposal may not apply to every variant listed.]"
ca4f0f73-70a3-4390-bdb6-93e3ddec9c0b,Fiat,Panda (319),2012 - Present,5-speed Manual,4x4,econo_coupling,medium,"Literally listed under econo_coupling. [Downgraded from high: this model has both AWD and non-AWD engine variants in the DB; transmission rows aren't linked to specific engines, so this proposal may not apply to every variant listed.]"
ca4f0f73-70a3-4390-bdb6-93e3ddec9c0b,Fiat,Panda (319),2012 - Present,Dualogic AMT,4x4,econo_coupling,medium,"Literally listed under econo_coupling. [Downgraded from high: this model has both AWD and non-AWD engine variants in the DB; transmission rows aren't linked to specific engines, so this proposal may not apply to every variant listed.]"
c9561ecd-4446-4c49-b876-1e8cdeee42a5,Ford,Kuga II (DM2),2013 - 2019,6-speed Manual,,econo_coupling,medium,"Literally listed under econo_coupling. [Downgraded from high: this model has both AWD and non-AWD engine variants in the DB; transmission rows aren't linked to specific engines, so this proposal may not apply to every variant listed.]"
c9561ecd-4446-4c49-b876-1e8cdeee42a5,Ford,Kuga II (DM2),2013 - 2019,PowerShift 6DCT,,econo_coupling,medium,"Literally listed under econo_coupling. [Downgraded from high: this model has both AWD and non-AWD engine variants in the DB; transmission rows aren't linked to specific engines, so this proposal may not apply to every variant listed.]"
c630045d-1863-4fbe-a225-7e3737fbea2c,Ford,Kuga III (CX482),2020 - Present,6-speed Manual,,econo_coupling,medium,"Literally listed under econo_coupling. [Downgraded from high: this model has both AWD and non-AWD engine variants in the DB; transmission rows aren't linked to specific engines, so this proposal may not apply to every variant listed.]"
c630045d-1863-4fbe-a225-7e3737fbea2c,Ford,Kuga III (CX482),2020 - Present,8-speed Torque Converter (8AT),,econo_coupling,medium,"Literally listed under econo_coupling. [Downgraded from high: this model has both AWD and non-AWD engine variants in the DB; transmission rows aren't linked to specific engines, so this proposal may not apply to every variant listed.]"
c630045d-1863-4fbe-a225-7e3737fbea2c,Ford,Kuga III (CX482),2020 - Present,eCVT (Hybrid),,econo_coupling,medium,"Literally listed under econo_coupling. [Downgraded from high: this model has both AWD and non-AWD engine variants in the DB; transmission rows aren't linked to specific engines, so this proposal may not apply to every variant listed.]"
7f00e99c-80f4-4571-b6fb-6c93b86e4d11,Ford,S-Max II,2015 - 2023,6-speed Manual,,econo_coupling,medium,"Literally listed under econo_coupling. [Downgraded from high: this model has both AWD and non-AWD engine variants in the DB; transmission rows aren't linked to specific engines, so this proposal may not apply to every variant listed.]"
7f00e99c-80f4-4571-b6fb-6c93b86e4d11,Ford,S-Max II,2015 - 2023,8-speed AT (8AT),,econo_coupling,medium,"Literally listed under econo_coupling. [Downgraded from high: this model has both AWD and non-AWD engine variants in the DB; transmission rows aren't linked to specific engines, so this proposal may not apply to every variant listed.]"
53dfa0aa-d0bc-4d44-9033-66f5f7e7819e,Honda,CR-V (RW),2017 - Present,Honda CVT,,econo_coupling,medium,"Literally listed under econo_coupling. [Downgraded from high: this model has both AWD and non-AWD engine variants in the DB; transmission rows aren't linked to specific engines, so this proposal may not apply to every variant listed.]"
53dfa0aa-d0bc-4d44-9033-66f5f7e7819e,Honda,CR-V (RW),2017 - Present,i-MMD eCVT (Hybrid),,econo_coupling,medium,"Literally listed under econo_coupling. [Downgraded from high: this model has both AWD and non-AWD engine variants in the DB; transmission rows aren't linked to specific engines, so this proposal may not apply to every variant listed.]"
8f618da8-6eba-4ad6-9947-bded827ba320,Hyundai,Ioniq 5,2021 - Present,Single-speed AWD dual motor,,dual_motor_ev,medium,"Literally listed under dual_motor_ev. [Downgraded from high: this model has both AWD and non-AWD engine variants in the DB; transmission rows aren't linked to specific engines, so this proposal may not apply to every variant listed.]"
8f618da8-6eba-4ad6-9947-bded827ba320,Hyundai,Ioniq 5,2021 - Present,Single-speed RWD,,dual_motor_ev,medium,"Literally listed under dual_motor_ev. [Downgraded from high: this model has both AWD and non-AWD engine variants in the DB; transmission rows aren't linked to specific engines, so this proposal may not apply to every variant listed.]"
d2e2b740-227a-4da0-b99d-92ab44408656,Hyundai,Ioniq 6,2023 - Present,Single-speed EV,,dual_motor_ev,medium,"Literally listed under dual_motor_ev. [Downgraded from high: this model has both AWD and non-AWD engine variants in the DB; transmission rows aren't linked to specific engines, so this proposal may not apply to every variant listed.]"
062ec6e7-c5be-4448-8073-90881e9abd94,Hyundai,ix35 / Tucson II (LM),2010 - 2015,6-speed Manual,,hk_dynamax,medium,"Literally listed under hk_dynamax. [Downgraded from high: this model has both AWD and non-AWD engine variants in the DB; transmission rows aren't linked to specific engines, so this proposal may not apply to every variant listed.]"
062ec6e7-c5be-4448-8073-90881e9abd94,Hyundai,ix35 / Tucson II (LM),2010 - 2015,Aisin 6AT,,hk_dynamax,medium,"Literally listed under hk_dynamax. [Downgraded from high: this model has both AWD and non-AWD engine variants in the DB; transmission rows aren't linked to specific engines, so this proposal may not apply to every variant listed.]"
94ca8406-b68b-4ebc-b15a-e2808d7bd835,Hyundai,Santa Fe (TM),2018 - Present,Aisin 6AT (Hybrid),,htrac,medium,"Literally listed under htrac. [Downgraded from high: this model has both AWD and non-AWD engine variants in the DB; transmission rows aren't linked to specific engines, so this proposal may not apply to every variant listed.]"
94ca8406-b68b-4ebc-b15a-e2808d7bd835,Hyundai,Santa Fe (TM),2018 - Present,Hyundai 8AT,,htrac,medium,"Literally listed under htrac. [Downgraded from high: this model has both AWD and non-AWD engine variants in the DB; transmission rows aren't linked to specific engines, so this proposal may not apply to every variant listed.]"
0c13cab4-a172-44db-be9b-ac305a681bff,Hyundai,Tucson III (TL),2015 - 2020,6-speed Manual,,hk_dynamax,medium,"Literally listed under hk_dynamax. [Downgraded from high: this model has both AWD and non-AWD engine variants in the DB; transmission rows aren't linked to specific engines, so this proposal may not apply to every variant listed.]"
0c13cab4-a172-44db-be9b-ac305a681bff,Hyundai,Tucson III (TL),2015 - 2020,7-speed DCT (7DCT),,hk_dynamax,medium,"Literally listed under hk_dynamax. [Downgraded from high: this model has both AWD and non-AWD engine variants in the DB; transmission rows aren't linked to specific engines, so this proposal may not apply to every variant listed.]"
0c13cab4-a172-44db-be9b-ac305a681bff,Hyundai,Tucson III (TL),2015 - 2020,Aisin 6AT,,hk_dynamax,medium,"Literally listed under hk_dynamax. [Downgraded from high: this model has both AWD and non-AWD engine variants in the DB; transmission rows aren't linked to specific engines, so this proposal may not apply to every variant listed.]"
fe11cdff-832e-47af-98d4-ad75634f6a3c,Hyundai,Tucson IV (NX4),2021 - Present,7-speed DCT,,htrac,medium,"Literally listed under htrac. [Downgraded from high: this model has both AWD and non-AWD engine variants in the DB; transmission rows aren't linked to specific engines, so this proposal may not apply to every variant listed.]"
fe11cdff-832e-47af-98d4-ad75634f6a3c,Hyundai,Tucson IV (NX4),2021 - Present,Aisin 6AT (Hybrid),,htrac,medium,"Literally listed under htrac. [Downgraded from high: this model has both AWD and non-AWD engine variants in the DB; transmission rows aren't linked to specific engines, so this proposal may not apply to every variant listed.]"
619831f3-6a22-4613-8f1c-be664a86e8ff,Jaguar,E-Pace,2018 - 2024,ZF 9HP,,jlr_active_driveline,medium,"Listed under jlr_active_driveline but qualified ""(Active Driveline trims)"" — DB has no trim distinction, can't confirm every AWD E-Pace here actually has this system vs a simpler standard AWD."
da03b9e9-b88a-4fd9-b1a5-d82f5239e431,Jaguar,F-Type,2013 - 2024,6-speed Manual (V6 only),,jlr_idd_long,medium,"Literally listed under jlr_idd_long. [Downgraded from high: this model has both AWD and non-AWD engine variants in the DB; transmission rows aren't linked to specific engines, so this proposal may not apply to every variant listed.]"
da03b9e9-b88a-4fd9-b1a5-d82f5239e431,Jaguar,F-Type,2013 - 2024,ZF 8HP,,jlr_idd_long,medium,"Literally listed under jlr_idd_long. [Downgraded from high: this model has both AWD and non-AWD engine variants in the DB; transmission rows aren't linked to specific engines, so this proposal may not apply to every variant listed.]"
8a2c587d-d86a-49bc-a5a1-75e5499745c3,Jaguar,XF (X260),2015 - 2024,ZF 8HP,,jlr_idd_long,medium,"Literally listed under jlr_idd_long. [Downgraded from high: this model has both AWD and non-AWD engine variants in the DB; transmission rows aren't linked to specific engines, so this proposal may not apply to every variant listed.]"
64574149-a43f-4f93-ae8b-7fb69a10bf54,Jeep,Renegade,2014 - Present,6-speed Manual,4x4,econo_coupling,medium,"Literally listed under econo_coupling. [Downgraded from high: this model has both AWD and non-AWD engine variants in the DB; transmission rows aren't linked to specific engines, so this proposal may not apply to every variant listed.]"
64574149-a43f-4f93-ae8b-7fb69a10bf54,Jeep,Renegade,2014 - Present,DDCT 6-speed dry,4x4,econo_coupling,medium,"Literally listed under econo_coupling. [Downgraded from high: this model has both AWD and non-AWD engine variants in the DB; transmission rows aren't linked to specific engines, so this proposal may not apply to every variant listed.]"
64574149-a43f-4f93-ae8b-7fb69a10bf54,Jeep,Renegade,2014 - Present,ZF 9HP,4x4,econo_coupling,medium,"Literally listed under econo_coupling. [Downgraded from high: this model has both AWD and non-AWD engine variants in the DB; transmission rows aren't linked to specific engines, so this proposal may not apply to every variant listed.]"
8f53b097-ccb0-4b83-beec-39d0f3161d05,Kia,EV6,2021 - Present,Single-speed AWD dual motor,,dual_motor_ev,medium,"Literally listed under dual_motor_ev. [Downgraded from high: this model has both AWD and non-AWD engine variants in the DB; transmission rows aren't linked to specific engines, so this proposal may not apply to every variant listed.]"
8f53b097-ccb0-4b83-beec-39d0f3161d05,Kia,EV6,2021 - Present,Single-speed RWD,,dual_motor_ev,medium,"Literally listed under dual_motor_ev. [Downgraded from high: this model has both AWD and non-AWD engine variants in the DB; transmission rows aren't linked to specific engines, so this proposal may not apply to every variant listed.]"
72d2e5bf-7668-4ac8-8555-98f4edb1c8a0,Kia,Sportage III (SL),2010 - 2015,6-speed Manual,,hk_dynamax,medium,"Literally listed under hk_dynamax. [Downgraded from high: this model has both AWD and non-AWD engine variants in the DB; transmission rows aren't linked to specific engines, so this proposal may not apply to every variant listed.]"
72d2e5bf-7668-4ac8-8555-98f4edb1c8a0,Kia,Sportage III (SL),2010 - 2015,Aisin 6AT,,hk_dynamax,medium,"Literally listed under hk_dynamax. [Downgraded from high: this model has both AWD and non-AWD engine variants in the DB; transmission rows aren't linked to specific engines, so this proposal may not apply to every variant listed.]"
5943e626-12dc-45fa-8041-0118517d553c,Kia,Sportage IV (QL),2016 - 2021,6-speed Manual,,hk_dynamax,medium,"Literally listed under hk_dynamax. [Downgraded from high: this model has both AWD and non-AWD engine variants in the DB; transmission rows aren't linked to specific engines, so this proposal may not apply to every variant listed.]"
5943e626-12dc-45fa-8041-0118517d553c,Kia,Sportage IV (QL),2016 - 2021,7-speed DCT,,hk_dynamax,medium,"Literally listed under hk_dynamax. [Downgraded from high: this model has both AWD and non-AWD engine variants in the DB; transmission rows aren't linked to specific engines, so this proposal may not apply to every variant listed.]"
5943e626-12dc-45fa-8041-0118517d553c,Kia,Sportage IV (QL),2016 - 2021,Aisin 6AT,,hk_dynamax,medium,"Literally listed under hk_dynamax. [Downgraded from high: this model has both AWD and non-AWD engine variants in the DB; transmission rows aren't linked to specific engines, so this proposal may not apply to every variant listed.]"
8e517f73-0f97-41cb-9bd6-b9b638418640,Kia,Sportage V (NQ5),2022 - Present,7-speed DCT,,htrac,medium,"Literally listed under htrac. [Downgraded from high: this model has both AWD and non-AWD engine variants in the DB; transmission rows aren't linked to specific engines, so this proposal may not apply to every variant listed.]"
8e517f73-0f97-41cb-9bd6-b9b638418640,Kia,Sportage V (NQ5),2022 - Present,Aisin 6AT (Hybrid),,htrac,medium,"Literally listed under htrac. [Downgraded from high: this model has both AWD and non-AWD engine variants in the DB; transmission rows aren't linked to specific engines, so this proposal may not apply to every variant listed.]"
b719e5f5-3dfc-4399-944b-aa85be559761,Land Rover,Discovery Sport (L550),2015 - Present,ZF 9HP,,jlr_active_driveline,medium,"Listed under jlr_active_driveline but qualified ""[Selected trims]"" jointly with Evoque — DB has no trim distinction."
b57c32e0-e684-4add-a473-e686e91a3574,Land Rover,Range Rover Evoque (L551),2019 - Present,ZF 9HP,,jlr_active_driveline,medium,"Listed under jlr_active_driveline but qualified ""[Selected trims]"" jointly with Discovery Sport — DB has no trim distinction."
24e2c659-12c0-401d-9b78-5012ccaa7807,Mazda,CX-30,2019 - Present,6-speed Manual,,mazda_iactiv,medium,"Literally listed under mazda_iactiv. [Downgraded from high: this model has both AWD and non-AWD engine variants in the DB; transmission rows aren't linked to specific engines, so this proposal may not apply to every variant listed.]"
24e2c659-12c0-401d-9b78-5012ccaa7807,Mazda,CX-30,2019 - Present,Skyactiv-Drive 6AT,,mazda_iactiv,medium,"Literally listed under mazda_iactiv. [Downgraded from high: this model has both AWD and non-AWD engine variants in the DB; transmission rows aren't linked to specific engines, so this proposal may not apply to every variant listed.]"
946e0ecc-d3a7-4553-ad8e-403df49dd11d,Mazda,CX-5 (KF),2017 - Present,6-speed Manual,,mazda_iactiv,medium,"Literally listed under mazda_iactiv. [Downgraded from high: this model has both AWD and non-AWD engine variants in the DB; transmission rows aren't linked to specific engines, so this proposal may not apply to every variant listed.]"
946e0ecc-d3a7-4553-ad8e-403df49dd11d,Mazda,CX-5 (KF),2017 - Present,Skyactiv-Drive 6AT,,mazda_iactiv,medium,"Literally listed under mazda_iactiv. [Downgraded from high: this model has both AWD and non-AWD engine variants in the DB; transmission rows aren't linked to specific engines, so this proposal may not apply to every variant listed.]"
4dc2073f-f57f-4b80-ba45-5e218bfcc658,Mercedes-Benz,A-Class (W176),2012 - 2018,7G-DCT,4matic,4matic_trans,medium,"Literally listed under 4matic_trans. [Downgraded from high: this model has both AWD and non-AWD engine variants in the DB; transmission rows aren't linked to specific engines, so this proposal may not apply to every variant listed.]"
ba912d29-ffa2-4230-9a60-898736bb131c,Mercedes-Benz,A-Class (W177),2018 - Present,7G-DCT,"4matic, 4matic+",4matic_trans,medium,"Literally listed under 4matic_trans. [Downgraded from high: this model has both AWD and non-AWD engine variants in the DB; transmission rows aren't linked to specific engines, so this proposal may not apply to every variant listed.]"
ba912d29-ffa2-4230-9a60-898736bb131c,Mercedes-Benz,A-Class (W177),2018 - Present,8-speed DCT (AMG),"4matic, 4matic+",4matic_trans,medium,"Literally listed under 4matic_trans. [Downgraded from high: this model has both AWD and non-AWD engine variants in the DB; transmission rows aren't linked to specific engines, so this proposal may not apply to every variant listed.]"
83988cd4-dcd4-4d03-a250-a4f54b6ebc7d,Mercedes-Benz,C-Class (W205),2014 - 2021,6-speed Manual,4matic,4matic_long,medium,"Literally listed under 4matic_long. [Downgraded from high: this model has both AWD and non-AWD engine variants in the DB; transmission rows aren't linked to specific engines, so this proposal may not apply to every variant listed.]"
83988cd4-dcd4-4d03-a250-a4f54b6ebc7d,Mercedes-Benz,C-Class (W205),2014 - 2021,9G-TRONIC,4matic,4matic_long,medium,"Literally listed under 4matic_long. [Downgraded from high: this model has both AWD and non-AWD engine variants in the DB; transmission rows aren't linked to specific engines, so this proposal may not apply to every variant listed.]"
f7d113a6-d6a8-44a0-ac87-499c5b68a6b5,Mercedes-Benz,CLA (C117),2013 - 2019,7G-DCT,4matic,4matic_trans,medium,"Literally listed under 4matic_trans. [Downgraded from high: this model has both AWD and non-AWD engine variants in the DB; transmission rows aren't linked to specific engines, so this proposal may not apply to every variant listed.]"
da33d30f-254b-419b-9e74-f2aa232de2ac,Mercedes-Benz,CLA (C118),2019 - Present,7G-DCT,"4matic, 4matic+",4matic_trans,medium,"Literally listed under 4matic_trans. [Downgraded from high: this model has both AWD and non-AWD engine variants in the DB; transmission rows aren't linked to specific engines, so this proposal may not apply to every variant listed.]"
da33d30f-254b-419b-9e74-f2aa232de2ac,Mercedes-Benz,CLA (C118),2019 - Present,8-speed DCT (AMG),"4matic, 4matic+",4matic_trans,medium,"Literally listed under 4matic_trans. [Downgraded from high: this model has both AWD and non-AWD engine variants in the DB; transmission rows aren't linked to specific engines, so this proposal may not apply to every variant listed.]"
ef406819-6dc5-46b7-9317-053dd4561f92,Mercedes-Benz,E-Class (W213),2016 - 2024,9G-TRONIC,4matic,4matic_long,medium,"Literally listed under 4matic_long. [Downgraded from high: this model has both AWD and non-AWD engine variants in the DB; transmission rows aren't linked to specific engines, so this proposal may not apply to every variant listed.]"
75ad7464-eb4c-466b-9bdd-30e511ed0dbe,Mercedes-Benz,GLA (H247),2020 - Present,7G-DCT,4matic,4matic_trans,medium,"Literally listed under 4matic_trans. [Downgraded from high: this model has both AWD and non-AWD engine variants in the DB; transmission rows aren't linked to specific engines, so this proposal may not apply to every variant listed.]"
75ad7464-eb4c-466b-9bdd-30e511ed0dbe,Mercedes-Benz,GLA (H247),2020 - Present,8-speed DCT (AMG),4matic,4matic_trans,medium,"Literally listed under 4matic_trans. [Downgraded from high: this model has both AWD and non-AWD engine variants in the DB; transmission rows aren't linked to specific engines, so this proposal may not apply to every variant listed.]"
615716bf-cf86-438d-8491-e137bb5509fd,Mercedes-Benz,GLA (X156),2013 - 2020,7G-DCT,4matic,4matic_trans,medium,"Literally listed under 4matic_trans. [Downgraded from high: this model has both AWD and non-AWD engine variants in the DB; transmission rows aren't linked to specific engines, so this proposal may not apply to every variant listed.]"
ea419e31-b914-41a6-9f1c-b0cf765426e6,Mercedes-Benz,GLB (X247),2019 - Present,7G-DCT,4matic,4matic_trans,medium,"Literally listed under 4matic_trans. [Downgraded from high: this model has both AWD and non-AWD engine variants in the DB; transmission rows aren't linked to specific engines, so this proposal may not apply to every variant listed.]"
ea419e31-b914-41a6-9f1c-b0cf765426e6,Mercedes-Benz,GLB (X247),2019 - Present,8-speed DCT (AMG),4matic,4matic_trans,medium,"Literally listed under 4matic_trans. [Downgraded from high: this model has both AWD and non-AWD engine variants in the DB; transmission rows aren't linked to specific engines, so this proposal may not apply to every variant listed.]"
addea6ef-8705-4cf5-b547-fd81194ccc9e,MG,MG4,2022 - Present,Single-speed EV,,dual_motor_ev,medium,"Literally listed under dual_motor_ev (""MG4 XPower""); note the doc flags standard MG4 as RWD-only, so this proposal covers the AWD XPower variant specifically. [Downgraded from high: this model has both AWD and non-AWD engine variants in the DB; transmission rows aren't linked to specific engines, so this proposal may not apply to every variant listed.]"
2f3cbf3e-e711-40c6-9f6a-00b1648779c0,MINI,Clubman (F54),2015 - 2024,6-speed Manual,all4,xdrive_trans,medium,"Literally listed under xdrive_trans (""MINI Clubman (F54 ALL4)""). [Downgraded from high: this model has both AWD and non-AWD engine variants in the DB; transmission rows aren't linked to specific engines, so this proposal may not apply to every variant listed.]"
2f3cbf3e-e711-40c6-9f6a-00b1648779c0,MINI,Clubman (F54),2015 - 2024,Aisin 8AT / ZF 8HP,all4,xdrive_trans,medium,"Literally listed under xdrive_trans (""MINI Clubman (F54 ALL4)""). [Downgraded from high: this model has both AWD and non-AWD engine variants in the DB; transmission rows aren't linked to specific engines, so this proposal may not apply to every variant listed.]"
56a84e15-7856-421e-83b5-40b616da3797,MINI,Countryman (F60),2017 - 2023,6-speed Manual,all4,xdrive_trans,medium,"Literally listed under xdrive_trans (""MINI Countryman (F60 ALL4)""). [Downgraded from high: this model has both AWD and non-AWD engine variants in the DB; transmission rows aren't linked to specific engines, so this proposal may not apply to every variant listed.]"
56a84e15-7856-421e-83b5-40b616da3797,MINI,Countryman (F60),2017 - 2023,Aisin 8AT / ZF 8HP,all4,xdrive_trans,medium,"Literally listed under xdrive_trans (""MINI Countryman (F60 ALL4)""). [Downgraded from high: this model has both AWD and non-AWD engine variants in the DB; transmission rows aren't linked to specific engines, so this proposal may not apply to every variant listed.]"
ef61f4e8-0516-4fae-a009-afde3bdcf566,Mitsubishi,ASX,2010 - Present,5-speed Manual,,econo_coupling,medium,"Literally listed under econo_coupling. [Downgraded from high: this model has both AWD and non-AWD engine variants in the DB; transmission rows aren't linked to specific engines, so this proposal may not apply to every variant listed.]"
ef61f4e8-0516-4fae-a009-afde3bdcf566,Mitsubishi,ASX,2010 - Present,Jatco CVT,,econo_coupling,medium,"Literally listed under econo_coupling. [Downgraded from high: this model has both AWD and non-AWD engine variants in the DB; transmission rows aren't linked to specific engines, so this proposal may not apply to every variant listed.]"
6a07ceac-2f9d-4988-a0df-8f0da59917e1,Mitsubishi,Eclipse Cross,2018 - Present,Jatco CVT / EV-CVT,,econo_coupling,medium,"Literally listed under econo_coupling. [Downgraded from high: this model has both AWD and non-AWD engine variants in the DB; transmission rows aren't linked to specific engines, so this proposal may not apply to every variant listed.]"
51d1ca18-f121-4dd8-ad4a-547987dcafab,RAM,1500 (DT),2019 - Present,ZF 8HP75 (8-speed),,selectable_4wd,medium,"Listed under selectable_4wd but qualified ""(Part-Time trims)"" — other RAM 1500 trims may have full-time 4WD instead; DB has no trim distinction."
a811cda1-5d4a-45c8-a5b6-c37a7b6eebf7,Renault,Kadjar (HFE),2015 - 2022,6-speed Manual,4x4,econo_coupling,medium,"Literally listed under econo_coupling. [Downgraded from high: this model has both AWD and non-AWD engine variants in the DB; transmission rows aren't linked to specific engines, so this proposal may not apply to every variant listed.]"
a811cda1-5d4a-45c8-a5b6-c37a7b6eebf7,Renault,Kadjar (HFE),2015 - 2022,CVT (X-Tronic),4x4,econo_coupling,medium,"Literally listed under econo_coupling. [Downgraded from high: this model has both AWD and non-AWD engine variants in the DB; transmission rows aren't linked to specific engines, so this proposal may not apply to every variant listed.]"
a811cda1-5d4a-45c8-a5b6-c37a7b6eebf7,Renault,Kadjar (HFE),2015 - 2022,EDC 7-speed DCT,4x4,econo_coupling,medium,"Literally listed under econo_coupling. [Downgraded from high: this model has both AWD and non-AWD engine variants in the DB; transmission rows aren't linked to specific engines, so this proposal may not apply to every variant listed.]"
09ea0a9b-4849-4152-a49b-ec128a9d203d,Škoda,Enyaq iV,2021 - Present,Single-speed AWD dual motor,,dual_motor_ev,medium,"Not directly listed, but MEB-platform twin of VW ID.4 GTX/4MOTION and Audi Q4 e-tron quattro — both explicitly listed under dual_motor_ev in the same doc; shared EV platform/hardware. [Note: this model also has non-AWD engine variants in the DB; this transmission row may belong to one of those instead.]"
09ea0a9b-4849-4152-a49b-ec128a9d203d,Škoda,Enyaq iV,2021 - Present,Single-speed RWD,,dual_motor_ev,medium,"Not directly listed, but MEB-platform twin of VW ID.4 GTX/4MOTION and Audi Q4 e-tron quattro — both explicitly listed under dual_motor_ev in the same doc; shared EV platform/hardware. [Note: this model also has non-AWD engine variants in the DB; this transmission row may belong to one of those instead.]"
29f8344c-e5eb-4f66-9bec-52d61cc3451c,Škoda,Superb II (3T),2008 - 2015,6-speed MQ250/MQ350,,haldex_gen4,medium,"Listed under haldex_gen4 but bounded ""up to ~2013/2014""; DB production span is 2008-2015, extending slightly past that window — single code applied across the whole span as best fit. [Note: this model also has non-AWD engine variants in the DB; this transmission row may belong to one of those instead.]"
29f8344c-e5eb-4f66-9bec-52d61cc3451c,Škoda,Superb II (3T),2008 - 2015,DSG 6 (DQ250),,haldex_gen4,medium,"Listed under haldex_gen4 but bounded ""up to ~2013/2014""; DB production span is 2008-2015, extending slightly past that window — single code applied across the whole span as best fit. [Note: this model also has non-AWD engine variants in the DB; this transmission row may belong to one of those instead.]"
35d21080-d86a-4b16-b986-add78ff243f9,Škoda,Superb III (3V),2015 - 2024,6-speed MQ350,,haldex_gen5,medium,"Literally listed under haldex_gen5. [Downgraded from high: this model has both AWD and non-AWD engine variants in the DB; transmission rows aren't linked to specific engines, so this proposal may not apply to every variant listed.]"
35d21080-d86a-4b16-b986-add78ff243f9,Škoda,Superb III (3V),2015 - 2024,DSG 6 (DQ250),,haldex_gen5,medium,"Literally listed under haldex_gen5. [Downgraded from high: this model has both AWD and non-AWD engine variants in the DB; transmission rows aren't linked to specific engines, so this proposal may not apply to every variant listed.]"
35d21080-d86a-4b16-b986-add78ff243f9,Škoda,Superb III (3V),2015 - 2024,DSG 6 (DQ400e),,haldex_gen5,medium,"Literally listed under haldex_gen5. [Downgraded from high: this model has both AWD and non-AWD engine variants in the DB; transmission rows aren't linked to specific engines, so this proposal may not apply to every variant listed.]"
a0e04781-8edb-4f1d-a70e-7e48e360253d,Suzuki,Vitara (LY),2015 - Present,5-speed Manual,allgrip,econo_coupling,medium,"Literally listed under econo_coupling. [Downgraded from high: this model has both AWD and non-AWD engine variants in the DB; transmission rows aren't linked to specific engines, so this proposal may not apply to every variant listed.]"
a0e04781-8edb-4f1d-a70e-7e48e360253d,Suzuki,Vitara (LY),2015 - Present,6-speed Manual,allgrip,econo_coupling,medium,"Literally listed under econo_coupling. [Downgraded from high: this model has both AWD and non-AWD engine variants in the DB; transmission rows aren't linked to specific engines, so this proposal may not apply to every variant listed.]"
a0e04781-8edb-4f1d-a70e-7e48e360253d,Suzuki,Vitara (LY),2015 - Present,Aisin 6AT,allgrip,econo_coupling,medium,"Literally listed under econo_coupling. [Downgraded from high: this model has both AWD and non-AWD engine variants in the DB; transmission rows aren't linked to specific engines, so this proposal may not apply to every variant listed.]"
b34765b9-2de7-4a8c-86b5-c85e8c182d81,Tesla,Model 3,2017 - Present,Single-speed EV,,dual_motor_ev,medium,"Literally listed under dual_motor_ev. [Downgraded from high: this model has both AWD and non-AWD engine variants in the DB; transmission rows aren't linked to specific engines, so this proposal may not apply to every variant listed.]"
cd852809-12dc-4b8c-ba5f-4ac62681ec94,Tesla,Model Y,2020 - Present,Single-speed EV,,dual_motor_ev,medium,"Literally listed under dual_motor_ev. [Downgraded from high: this model has both AWD and non-AWD engine variants in the DB; transmission rows aren't linked to specific engines, so this proposal may not apply to every variant listed.]"
be71b41e-7538-4731-945f-6680620b1743,Toyota,Corolla Cross,2023 - Present,eCVT (Hybrid),awd-i,e_axle_hybrid,medium,"Not the literal listed model (RAV4/NX), but shares the identical AWD-i badge/tech naming — same Toyota hybrid e-axle system across the model range."
bcdc52ef-8262-42d3-98f3-5842d81a06f8,Toyota,RAV4 (XA50),2019 - Present,Direct Shift CVT,awd-i,e_axle_hybrid,medium,"Literally listed under e_axle_hybrid, AWD-i badge confirmed. [Downgraded from high: this model has both AWD and non-AWD engine variants in the DB; transmission rows aren't linked to specific engines, so this proposal may not apply to every variant listed.]"
bcdc52ef-8262-42d3-98f3-5842d81a06f8,Toyota,RAV4 (XA50),2019 - Present,eCVT (Hybrid AWD-i),awd-i,e_axle_hybrid,medium,"Literally listed under e_axle_hybrid, AWD-i badge confirmed. [Downgraded from high: this model has both AWD and non-AWD engine variants in the DB; transmission rows aren't linked to specific engines, so this proposal may not apply to every variant listed.]"
17e8b5c0-ea7e-495c-bb88-55fe900a7d1a,Volkswagen,Golf R (Mk7/Mk8),2014 - Present,6-speed Manual (Mk7 only),4motion,haldex_gen5,medium,"""VW Golf VII 4Motion"" is listed under haldex_gen5; this DB row combines Mk7+Mk8, and Mk8 continues the same platform without a documented AWD-system change."
17e8b5c0-ea7e-495c-bb88-55fe900a7d1a,Volkswagen,Golf R (Mk7/Mk8),2014 - Present,DSG DQ381 (7-speed wet),4motion,haldex_gen5,medium,"""VW Golf VII 4Motion"" is listed under haldex_gen5; this DB row combines Mk7+Mk8, and Mk8 continues the same platform without a documented AWD-system change."
e251524c-d197-4f9a-ae1e-634208428e9c,Volkswagen,Golf VIII (CD),2020 - Present,6-speed MQ250,,haldex_gen5,medium,"Not itself listed, but same MQB Evo platform as Golf VII 4Motion (haldex_gen5-listed) — only its R variant is AWD (mixed-engine, see caveat). [Note: this model also has non-AWD engine variants in the DB; this transmission row may belong to one of those instead.]"
e251524c-d197-4f9a-ae1e-634208428e9c,Volkswagen,Golf VIII (CD),2020 - Present,DSG 7 (DQ381),,haldex_gen5,medium,"Not itself listed, but same MQB Evo platform as Golf VII 4Motion (haldex_gen5-listed) — only its R variant is AWD (mixed-engine, see caveat). [Note: this model also has non-AWD engine variants in the DB; this transmission row may belong to one of those instead.]"
db77d5c3-b3b7-4830-9029-96a8f3095a23,Volkswagen,ID.4,2021 - Present,Single-speed AWD dual motor,,dual_motor_ev,medium,"Literally listed under dual_motor_ev (""VW ID.4 GTX/4MOTION""). [Downgraded from high: this model has both AWD and non-AWD engine variants in the DB; transmission rows aren't linked to specific engines, so this proposal may not apply to every variant listed.]"
db77d5c3-b3b7-4830-9029-96a8f3095a23,Volkswagen,ID.4,2021 - Present,Single-speed RWD,,dual_motor_ev,medium,"Literally listed under dual_motor_ev (""VW ID.4 GTX/4MOTION""). [Downgraded from high: this model has both AWD and non-AWD engine variants in the DB; transmission rows aren't linked to specific engines, so this proposal may not apply to every variant listed.]"
d71b900d-1fbc-4389-bcc4-ca9dafcdcdc1,Volkswagen,Passat B8 (3G),2015 - 2024,6-speed MQ350,,haldex_gen5,medium,"Literally listed under haldex_gen5. [Downgraded from high: this model has both AWD and non-AWD engine variants in the DB; transmission rows aren't linked to specific engines, so this proposal may not apply to every variant listed.]"
d71b900d-1fbc-4389-bcc4-ca9dafcdcdc1,Volkswagen,Passat B8 (3G),2015 - 2024,DSG 6 (DQ250),,haldex_gen5,medium,"Literally listed under haldex_gen5. [Downgraded from high: this model has both AWD and non-AWD engine variants in the DB; transmission rows aren't linked to specific engines, so this proposal may not apply to every variant listed.]"
d71b900d-1fbc-4389-bcc4-ca9dafcdcdc1,Volkswagen,Passat B8 (3G),2015 - 2024,DSG 7 (DQ381),,haldex_gen5,medium,"Literally listed under haldex_gen5. [Downgraded from high: this model has both AWD and non-AWD engine variants in the DB; transmission rows aren't linked to specific engines, so this proposal may not apply to every variant listed.]"
c27c21e3-bb81-4874-a250-0293821c8327,Volkswagen,Tiguan Allspace (AD),2017 - Present,6-speed Manual,4motion,haldex_gen5,medium,"Literally listed under haldex_gen5 (""VW Tiguan II (AD1)"") — Allspace is the long-wheelbase variant of the same AD platform. [Downgraded from high: this model has both AWD and non-AWD engine variants in the DB; transmission rows aren't linked to specific engines, so this proposal may not apply to every variant listed.]"
c27c21e3-bb81-4874-a250-0293821c8327,Volkswagen,Tiguan Allspace (AD),2017 - Present,DSG DQ200 (7-speed dry),4motion,haldex_gen5,medium,"Literally listed under haldex_gen5 (""VW Tiguan II (AD1)"") — Allspace is the long-wheelbase variant of the same AD platform. [Downgraded from high: this model has both AWD and non-AWD engine variants in the DB; transmission rows aren't linked to specific engines, so this proposal may not apply to every variant listed.]"
c27c21e3-bb81-4874-a250-0293821c8327,Volkswagen,Tiguan Allspace (AD),2017 - Present,DSG DQ381 (7-speed wet),4motion,haldex_gen5,medium,"Literally listed under haldex_gen5 (""VW Tiguan II (AD1)"") — Allspace is the long-wheelbase variant of the same AD platform. [Downgraded from high: this model has both AWD and non-AWD engine variants in the DB; transmission rows aren't linked to specific engines, so this proposal may not apply to every variant listed.]"
b4942e1d-3acb-485a-8c32-c6ffe4a8940e,Volkswagen,Tiguan I (5N),2007 - 2016,6-speed MQ350,4motion,haldex_gen4,medium,"Listed under haldex_gen4 (""~2008-2014""); DB span 2007-2016 extends 2 years past that window."
b4942e1d-3acb-485a-8c32-c6ffe4a8940e,Volkswagen,Tiguan I (5N),2007 - 2016,DSG 6 (DQ250),4motion,haldex_gen4,medium,"Listed under haldex_gen4 (""~2008-2014""); DB span 2007-2016 extends 2 years past that window."
4fe566d0-ac06-4158-b1b0-8c896b6c322c,Volkswagen,Tiguan II (AD),2016 - Present,6-speed MQ350,4motion,haldex_gen5,medium,"Literally listed under haldex_gen5. [Downgraded from high: this model has both AWD and non-AWD engine variants in the DB; transmission rows aren't linked to specific engines, so this proposal may not apply to every variant listed.]"
4fe566d0-ac06-4158-b1b0-8c896b6c322c,Volkswagen,Tiguan II (AD),2016 - Present,DSG 7 (DQ381),4motion,haldex_gen5,medium,"Literally listed under haldex_gen5. [Downgraded from high: this model has both AWD and non-AWD engine variants in the DB; transmission rows aren't linked to specific engines, so this proposal may not apply to every variant listed.]"
4fe566d0-ac06-4158-b1b0-8c896b6c322c,Volkswagen,Tiguan II (AD),2016 - Present,DSG 7 (DQ500),4motion,haldex_gen5,medium,"Literally listed under haldex_gen5. [Downgraded from high: this model has both AWD and non-AWD engine variants in the DB; transmission rows aren't linked to specific engines, so this proposal may not apply to every variant listed.]"
a00cbe28-cc47-4d8b-9724-4ab633611a9d,Volvo,C40 Recharge,2021 - Present,Single-speed EV,,dual_motor_ev,medium,"Literally listed under dual_motor_ev (""Volvo C40/XC40/EX40 Recharge AWD""). [Downgraded from high: this model has both AWD and non-AWD engine variants in the DB; transmission rows aren't linked to specific engines, so this proposal may not apply to every variant listed.]"
e6a2da3b-439b-4cf3-acbf-c9df945e2898,Volvo,V60 (SPA),2018 - Present,Aisin 8AT,,haldex_gen5,medium,"Not listed by model, but the haldex_gen5 catalogue entry's own description explicitly states ""Volvo uses the BorgWarner successor"" — no per-model breakdown given, applied generically."
81d004d7-777a-4041-b6b6-8072319687e8,Volvo,XC40,2017 - Present,Aisin 8AT,,haldex_gen5,medium,"This DB row is the ICE/mHEV XC40 (not the separate Recharge/EV variant) — same ""Volvo uses the BorgWarner successor"" catalogue hint as V60/XC60/XC90. [Note: this model also has non-AWD engine variants in the DB; this transmission row may belong to one of those instead.]"
67943333-d7d9-4809-a7a2-7fcc5f37ec48,Volvo,XC60 (SPA),2017 - Present,Aisin 8AT,,haldex_gen5,medium,"Same ""Volvo uses the BorgWarner successor"" catalogue hint; this row's AWD engines are diesel/PHEV, not the pure-EV Recharge variant."
1d7e0c62-cbe0-47f6-a930-351f4d32772a,Volvo,XC90 (SPA),2015 - Present,Aisin 8AT,,haldex_gen5,medium,"Same ""Volvo uses the BorgWarner successor"" catalogue hint; this row's AWD engines are diesel/PHEV, not the pure-EV Recharge variant."
00c3b799-421f-43c3-952e-ae273bc963cb,Audi,A6 (C7),2011 - 2018,Multitronic CVT,quattro,quattro_torsen,high,Literally listed under quattro_torsen.
00c3b799-421f-43c3-952e-ae273bc963cb,Audi,A6 (C7),2011 - 2018,S-tronic DQ500 (7-speed wet),quattro,quattro_torsen,high,Literally listed under quattro_torsen.
00c3b799-421f-43c3-952e-ae273bc963cb,Audi,A6 (C7),2011 - 2018,Tiptronic 8AT (ZF 8HP),quattro,quattro_torsen,high,Literally listed under quattro_torsen.
da4f8242-68fd-4894-ab16-10a9e5724fe6,Audi,A6 (C8),2018 - Present,S-tronic DQ500 (7-speed wet),quattro,quattro_ultra,high,Your rule: 7-speed S-tronic -> quattro_ultra.
da4f8242-68fd-4894-ab16-10a9e5724fe6,Audi,A6 (C8),2018 - Present,Tiptronic 8AT (ZF 8HP),quattro,quattro_torsen,high,Your rule: 8-speed Tiptronic -> quattro_torsen.
526fa231-9884-41d7-b116-eba4235231de,Audi,e-tron (GE),2019 - 2024,Single-speed EV (dual motor),quattro,dual_motor_ev,high,"Literally listed under dual_motor_ev (despite the quattro badge — EV, not mechanical Torsen/Haldex)."
4b84acaa-544c-4c9b-b3a7-cccec1f20174,Audi,Q5 (8R),2008 - 2017,S-tronic DQ500 (7-speed wet),quattro,quattro_torsen,high,Literally listed under quattro_torsen.
4b84acaa-544c-4c9b-b3a7-cccec1f20174,Audi,Q5 (8R),2008 - 2017,Tiptronic 8AT (ZF 8HP),quattro,quattro_torsen,high,Literally listed under quattro_torsen.
9e5a67f4-9644-445a-a408-5c45a3fbe549,Audi,Q5 (FY),2017 - Present,S-tronic DQ500 (7-speed wet),quattro,quattro_ultra,high,Literally listed under quattro_ultra.
9e5a67f4-9644-445a-a408-5c45a3fbe549,Audi,Q5 (FY),2017 - Present,Tiptronic 8AT (ZF 8HP),quattro,quattro_ultra,high,Literally listed under quattro_ultra.
4fc87ff9-57fd-4582-85e6-502dff0512b0,Audi,Q7 (4M),2015 - Present,Tiptronic 8AT (ZF 8HP),quattro,quattro_torsen,high,Literally listed under quattro_torsen.
dffc7ec5-0286-46d4-8dcd-9181d7a8db56,Audi,RS4 Avant (B9),2017 - Present,Tiptronic 8AT (ZF 8HP),quattro,quattro_torsen,high,Literally listed under quattro_torsen.
7f68aeb5-c9f5-4608-b96a-2f81c93a14ae,Audi,RS6 Avant (C8),2019 - Present,Tiptronic 8AT (ZF 8HP),,quattro_torsen,high,Literally listed under quattro_torsen.
84e5f4d0-3f40-4377-8556-dd8926cb3a9f,BMW,5 Series / i5 (G60),2023 - Present,Single-speed EV (i5),xdrive,dual_motor_ev,high,"Reference doc literally lists ""BMW i5 (G60 xDrive40/M60)"" under dual_motor_ev. This is the electric i5 M60 xDrive engine's own single-speed transmission — the AWD-relevant row for this vehicle."
4eaa5801-1e10-4d48-b1c3-1dcbe1c5b488,BMW,iX (I20),2021 - Present,Single-speed EV,xdrive,dual_motor_ev,high,Literally listed under dual_motor_ev.
101c657d-2876-4b04-94c7-6d73560fd7b6,BMW,iX1 (U11),2022 - Present,Single-speed EV,xdrive,dual_motor_ev,high,"Literally listed under dual_motor_ev (""BMW iX1 (U11 xDrive30)"")."
1c4777ef-953b-4d56-a74a-c036fd2d7bf1,BMW,M5 (F90),2018 - 2023,ZF 8HP M Sport,,xdrive_long,high,"Literally listed under xdrive_long (""BMW M5 (F90 M xDrive)"")."
7be8ca06-c090-458e-837f-6a56d5be67d1,BMW,X3 (G01),2017 - Present,ZF 8HP,xdrive,xdrive_long,high,Literally listed under xdrive_long.
dd083662-30c5-48eb-8d7c-62a1ce2dec08,BMW,X4 (G02),2018 - Present,ZF 8HP,xdrive,xdrive_long,high,Literally listed under xdrive_long.
441841c2-9b5a-42d7-8000-a234705805c3,BMW,X5 (G05),2018 - Present,ZF 8HP,xdrive,xdrive_long,high,Literally listed under xdrive_long.
153d1cb4-af52-47e4-a5c9-052a2925948e,Ford,Focus RS (Mk3),2016 - 2018,6-speed Manual,,rear_torque_vectoring,high,Literally listed under rear_torque_vectoring.
d4cfa123-9c0d-471b-a271-79e2baa4925e,Ford,Mustang Mach-E,2021 - Present,Single-speed EV,,dual_motor_ev,high,Literally listed under dual_motor_ev.
5cb35c4a-c478-469d-afa9-dd304e905b64,Ford,Ranger (T6.2),2022 - Present,10-speed AT,,selectable_4wd,high,"Literally listed under selectable_4wd (""Ford Ranger (T6.2 Standard)"") — Raptor is a separate DB row/code."
5cb35c4a-c478-469d-afa9-dd304e905b64,Ford,Ranger (T6.2),2022 - Present,6-speed Manual,,selectable_4wd,high,"Literally listed under selectable_4wd (""Ford Ranger (T6.2 Standard)"") — Raptor is a separate DB row/code."
009310a0-2eae-4e1e-8804-e1acd240c106,Ford,Ranger Raptor,2019 - Present,10-speed Auto (10R80),,permanent_4wd_lowrange,high,Literally listed under permanent_4wd_lowrange.
a53fb1cc-7a4e-49af-9776-6210d0528a6a,Jaguar,I-Pace,2018 - 2025,Single-speed EV (dual motor),,dual_motor_ev,high,Literally listed under dual_motor_ev.
c50690bc-4a98-49b7-ac33-72e8d0e8cdc9,Jeep,Grand Cherokee (WL),2022 - Present,ZF 8HP75,,permanent_4wd_lowrange,high,Literally listed under permanent_4wd_lowrange.
63e8af99-0a81-4c96-ac0f-ad74fc83aa75,Jeep,Wrangler (JL),2018 - Present,ZF 850RE 8-speed,,selectable_4wd,high,Literally listed under selectable_4wd.
2102b5a2-5937-4bec-92cd-4a74dd3a56d0,Kia,EV9,2023 - Present,Single-speed EV,,dual_motor_ev,high,Literally listed under dual_motor_ev.
f21841aa-fd6d-4bc3-bcb2-65362f59218f,Kia,Sorento IV (MQ4),2020 - Present,Aisin 6AT (Hybrid),,htrac,high,Literally listed under htrac.
f21841aa-fd6d-4bc3-bcb2-65362f59218f,Kia,Sorento IV (MQ4),2020 - Present,Hyundai 8AT,,htrac,high,Literally listed under htrac.
061b2260-0abb-4449-9d57-d7b227e74719,Land Rover,Defender (L663),2020 - Present,ZF 8HP76,,permanent_4wd_lowrange,high,Literally listed under permanent_4wd_lowrange.
4f6f95e8-172b-4224-a9c2-7e55f18c3457,Land Rover,Range Rover (L460),2022 - Present,ZF 8HP76,,permanent_4wd_lowrange,high,Literally listed under permanent_4wd_lowrange.
9bf4717a-d94a-41d4-8d2e-6d7258b87310,Land Rover,Range Rover Sport (L461),2022 - Present,ZF 8HP76,,permanent_4wd_lowrange,high,"Literally listed under permanent_4wd_lowrange (""RR Sport (L461)"")."
20fa4e59-8a8a-48d6-9975-e7ab9a85a1ee,Land Rover,Range Rover Velar,2017 - Present,ZF 8HP,,jlr_idd_long,high,"Literally listed under jlr_idd_long (""Range Rover Velar (L560)"")."
9f744684-5f9c-487a-b07e-e337b9b86d0d,Lexus,NX (AZ20),2022 - Present,eCVT (Hybrid),e-four,e_axle_hybrid,high,"Literally listed under e_axle_hybrid (""Lexus NX ... E-Four"") and E-Four badge detected."
72c11826-c6e2-400e-abed-337757bd26a3,Mazda,CX-60,2022 - Present,Aisin 8AT,,mazda_iactiv,high,"Literally listed under mazda_iactiv, with its architecture difference (longitudinal/rear-biased) already called out in the code's own description."
895bdaef-0bb8-43c6-b542-85a12e2c4ce8,Mercedes-Benz,AMG E63 S (W213),2017 - 2023,AMG SpeedShift MCT 9-speed,,4matic_long,high,Literally listed under 4matic_long.
975f4f80-447e-4319-8a18-c6807c79efd6,Mercedes-Benz,G-Class (W463),2018 - Present,9G-TRONIC,,permanent_4wd_lowrange,high,Literally listed under permanent_4wd_lowrange.
98f8c636-0281-4a1d-916a-cd57c9a0d3ad,Mercedes-Benz,GLC (X253),2015 - 2022,9G-TRONIC,4matic,4matic_long,high,Literally listed under 4matic_long.
8e70db47-aee3-4a21-b29a-23b8f3872178,Mercedes-Benz,GLE / ML (W166),2012 - 2019,9G-TRONIC / 7G-TRONIC,4matic,4matic_long,high,Literally listed under 4matic_long.
82612a47-58e8-4a63-b666-fe12b699cfc3,Mitsubishi,Outlander PHEV (GG/GN),2014 - Present,Single-speed EV + CVT,,saawc_phev,high,Literally listed under saawc_phev.
25942eb7-1636-45a5-8cc3-c3e1e0704e4a,Nissan,Ariya,2022 - Present,Single-speed EV,e-4orce,dual_motor_ev,high,Literally listed under dual_motor_ev.
9c7ad9d7-50a4-4cf7-a01d-b376ff18fbe0,Nissan,Navara (D23),2015 - Present,6-speed Manual,,selectable_4wd,high,Literally listed under selectable_4wd.
9c7ad9d7-50a4-4cf7-a01d-b376ff18fbe0,Nissan,Navara (D23),2015 - Present,Jatco 7AT,,selectable_4wd,high,Literally listed under selectable_4wd.
74a7b02d-621e-45c4-9f98-4eb7911962d6,Nissan,X-Trail (T33),2022 - Present,e-Power Fixed Ratio,e-4orce,e_axle_hybrid,high,Literally listed under e_axle_hybrid.
538a0507-9580-4293-b357-c1f51abb2965,Porsche,Cayenne (E3),2018 - Present,Tiptronic 8AT (ZF 8HP),,porsche_ptm,high,Literally listed under porsche_ptm.
a2679a39-a745-4866-816c-3ab8c098810f,Porsche,Macan (95B),2014 - Present,PDK 7-speed,,porsche_ptm,high,Literally listed under porsche_ptm.
bef92b98-72bf-4943-85ba-1eb156003fdf,Porsche,Panamera (971),2017 - Present,PDK 8-speed,,porsche_ptm,high,Literally listed under porsche_ptm.
8a460c12-d27f-4b69-8ce1-f8cee26c188c,Porsche,Taycan,2019 - Present,2-speed rear + single-speed front,,dual_motor_ev,high,Literally listed under dual_motor_ev.
66fa5ffb-e0fa-4a3e-a11b-beed25cc2390,Subaru,Forester (SK),2018 - Present,Lineartronic CVT,,subaru_symmetrical,high,Literally listed under subaru_symmetrical.
de2fdf3b-d2de-4822-bfaf-d510826cfd82,Subaru,Impreza (GK),2017 - Present,Lineartronic CVT,,subaru_symmetrical,high,Literally listed under subaru_symmetrical.
dd26a075-6254-4373-9f8a-c02d501b5436,Subaru,Outback (BT),2021 - Present,Lineartronic CVT,,subaru_symmetrical,high,Literally listed under subaru_symmetrical.
bcc2ad58-8cb3-41d7-9e3a-da6ef53a9fda,Subaru,XV / Crosstrek (GT),2017 - Present,Lineartronic CVT,,subaru_symmetrical,high,Literally listed under subaru_symmetrical.
fa0548c9-0767-4412-a2f4-648138cfe989,Suzuki,Jimny (JB74),2018 - Present,5-speed Manual,,selectable_4wd,high,Literally listed under selectable_4wd.
fa0548c9-0767-4412-a2f4-648138cfe989,Suzuki,Jimny (JB74),2018 - Present,Aisin 4AT,,selectable_4wd,high,Literally listed under selectable_4wd.
0914b537-39ae-42dd-a158-4cca4368b348,Suzuki,S-Cross (JY),2022 - Present,Aisin 6AGS / 6AT,,econo_coupling,high,Literally listed under econo_coupling.
79d1b612-238b-48a6-a81d-123ed3ed9059,Tesla,Model S,2012 - Present,Single-speed EV,,dual_motor_ev,high,Literally listed under dual_motor_ev.
d7a6b980-140d-4501-8746-0b6b56ec7cc5,Toyota,Hilux (AN120/AN130),2015 - Present,6-speed Manual,,selectable_4wd,high,"Literally listed under selectable_4wd (""Hilux (AN120)"") — DB's AN130 suffix is the same generation family."
d7a6b980-140d-4501-8746-0b6b56ec7cc5,Toyota,Hilux (AN120/AN130),2015 - Present,Aisin 6AT,,selectable_4wd,high,"Literally listed under selectable_4wd (""Hilux (AN120)"") — DB's AN130 suffix is the same generation family."
ee801e02-159b-4dbd-80ce-1faeea6b4b01,Toyota,Land Cruiser (J150 Prado),2009 - 2024,6-speed Manual,,permanent_4wd_lowrange,high,Literally listed under permanent_4wd_lowrange.
ee801e02-159b-4dbd-80ce-1faeea6b4b01,Toyota,Land Cruiser (J150 Prado),2009 - 2024,Aisin 6AT,,permanent_4wd_lowrange,high,Literally listed under permanent_4wd_lowrange.
b0a4ff95-d9e7-4b6f-892c-3ed7e60eb001,Toyota,RAV4 (XA40),2013 - 2019,6-speed Manual,awd-i,e_axle_hybrid,high,"Literally listed under e_axle_hybrid, AWD-i badge confirmed."
b0a4ff95-d9e7-4b6f-892c-3ed7e60eb001,Toyota,RAV4 (XA40),2013 - 2019,Aisin 6AT,awd-i,e_axle_hybrid,high,"Literally listed under e_axle_hybrid, AWD-i badge confirmed."
b0a4ff95-d9e7-4b6f-892c-3ed7e60eb001,Toyota,RAV4 (XA40),2013 - 2019,eCVT (Hybrid AWD-i),awd-i,e_axle_hybrid,high,"Literally listed under e_axle_hybrid, AWD-i badge confirmed."
fd03ebcb-a89e-4730-b829-9350e9e5fef4,Volkswagen,Amarok (2H),2010 - 2022,6-speed manual,,selectable_4wd,high,Your rule: manual gearbox -> selectable_4wd.
fd03ebcb-a89e-4730-b829-9350e9e5fef4,Volkswagen,Amarok (2H),2010 - 2022,ZF 8HP (8-speed),,quattro_torsen,high,Your rule: 8-speed ZF auto -> quattro_torsen.
7fab62f9-a9d3-4ef5-99ff-8b1335085dbc,Volkswagen,Touareg (CR),2018 - Present,Aisin 8AT,4motion,quattro_torsen,high,Literally listed under quattro_torsen — VW's own Touareg shares Audi/Porsche's longitudinal MLB-Evo platform and Torsen-based system despite the 4motion badge name.
