id,brand,model,production_years,family,city,travel,luxury,work,budget,offroad,driving_fun
e6f8a241-0f48-410e-abec-29d435d955b3,Alpine,A110,2017 - 2024,,,,,,,,x
8cefdb15-825f-4256-89ce-b377ed3cb58d,Audi,A1 Sportback (GB),2018 - Present,,x,,,,,,
b2ac5992-e1fb-47f1-a9a3-a9d1a88b31ec,Audi,A3 (8V),2012 - 2020,x,x,x,,,,,
ac8e64b1-a4b9-4ec7-a3ea-e500c0759098,Audi,A3 (8Y),2020 - Present,x,x,x,,,,,
53257c02-e882-43ce-872d-5d63e33392c7,Audi,A4 (B8),2008 - 2015,x,,x,x,,,,
5ae5ed0d-ad49-43ab-a934-fe595f00e25c,Audi,A4 (B9),2015 - Present,x,,x,x,,,,
9b7d7a5d-aafa-4cb5-852b-125ec06ccce8,Audi,A5 Sportback (F5),2016 - Present,,,x,x,,,,
00c3b799-421f-43c3-952e-ae273bc963cb,Audi,A6 (C7),2011 - 2018,x,,x,x,,,,
da4f8242-68fd-4894-ab16-10a9e5724fe6,Audi,A6 (C8),2018 - Present,x,,x,x,,,,
526fa231-9884-41d7-b116-eba4235231de,Audi,e-tron (GE),2019 - 2024,x,,x,x,,,,
a4ecc706-c773-4fe5-8e37-95bcb761ebf1,Audi,Q2 (GA),2016 - Present,,x,,,,,,
c6db572c-cd14-4024-a0f1-c52140198d86,Audi,Q3 (8U),2011 - 2018,x,x,,,,,,
66364492-fbcf-4147-9ad3-df8d5005c329,Audi,Q3 (F3),2018 - Present,x,x,,,,,,
bf09b478-95ca-49d4-8769-004e67172814,Audi,Q4 e-tron,2021 - Present,x,x,,,,,,
4b84acaa-544c-4c9b-b3a7-cccec1f20174,Audi,Q5 (8R),2008 - 2017,x,,x,x,,,,
9e5a67f4-9644-445a-a408-5c45a3fbe549,Audi,Q5 (FY),2017 - Present,x,,x,x,,,,
4fc87ff9-57fd-4582-85e6-502dff0512b0,Audi,Q7 (4M),2015 - Present,x,,x,x,,,,
dffc7ec5-0286-46d4-8dcd-9181d7a8db56,Audi,RS4 Avant (B9),2017 - Present,x,,x,x,,,,x
7f68aeb5-c9f5-4608-b96a-2f81c93a14ae,Audi,RS6 Avant (C8),2019 - Present,x,,x,x,,,,x
20c07f62-6a13-4ad1-9acd-fd46eb2d8cd5,Audi,TT (8S),2014 - 2023,,,,,,,,x
9a952caa-bae3-424a-9ff4-baa226eb9f82,BMW,1 Series (F20/F21),2011 - 2019,,x,,,,,,x
e9704b97-ba49-4dea-a405-88600aeba39b,BMW,1 Series (F40),2019 - Present,x,x,,,,,,
7f06568c-cee6-4946-95b5-de33aa653fc2,BMW,2 Series Active Tourer (F45),2014 - 2021,x,x,,,,,,
ea864397-229a-4678-b91e-03398bd19f97,BMW,2 Series Coupe (F22),2014 - 2021,,,,,,,,x
eee1a648-240b-476c-9937-4562439e92d5,BMW,3 Series (E90/E91),2005 - 2013,x,,x,x,,,,x
fab4f551-91e3-4c4f-996d-435480646cbd,BMW,3 Series (F30/F31),2012 - 2019,x,,x,x,,,,x
99e31940-20f5-4f1f-a4ea-9ada60ec9c82,BMW,3 Series (G20/G21),2019 - Present,x,,x,x,,,,x
6b7f318a-c7a1-490e-a23a-447142bc1143,BMW,4 Series (F32/F33/F36),2013 - 2020,,,x,x,,,,x
c81e0702-7db5-4569-823b-3d0e6070a4c4,BMW,5 Series (F10/F11),2010 - 2017,x,,x,x,,,,
a8b7d04d-8064-42b0-bee8-cece3906f1b1,BMW,5 Series (G30/G31),2017 - 2024,x,,x,x,,,,
84e5f4d0-3f40-4377-8556-dd8926cb3a9f,BMW,5 Series / i5 (G60),2023 - Present,x,,x,x,,,,x
a12f413a-dc14-4af0-bb10-f14621621c86,BMW,i4,2021 - Present,x,,x,x,,,,x
4eaa5801-1e10-4d48-b1c3-1dcbe1c5b488,BMW,iX (I20),2021 - Present,x,,x,x,,,,
101c657d-2876-4b04-94c7-6d73560fd7b6,BMW,iX1 (U11),2022 - Present,x,x,,,,,,
1c4777ef-953b-4d56-a74a-c036fd2d7bf1,BMW,M5 (F90),2018 - 2023,x,,x,x,,,,x
343e0993-0b4a-4a85-bd00-7c47c298b73f,BMW,X1 (E84),2009 - 2015,x,x,,,,,,
707aeb7b-36f8-40d6-a7f7-01f5c0bb6f8f,BMW,X1 (F48),2015 - 2022,x,x,,,,,,
bb2fe6a1-c6d8-42a5-958b-5d19bd8613dc,BMW,X1 (U11),2022 - Present,x,x,,,,,,
50cbad36-b3ea-4580-90fa-f4378d9e5de1,BMW,X2 (F39),2018 - 2024,x,x,,,,,,
7be8ca06-c090-458e-837f-6a56d5be67d1,BMW,X3 (G01),2017 - Present,x,,x,x,,,,
dd083662-30c5-48eb-8d7c-62a1ce2dec08,BMW,X4 (G02),2018 - Present,,,x,x,,,,
441841c2-9b5a-42d7-8000-a234705805c3,BMW,X5 (G05),2018 - Present,x,,x,x,,,,
d4b925ac-733a-49d2-b80a-5b537a0cc54e,BMW,Z4 (G29),2019 - Present,,,,,,,,x
6427e3e2-d351-43c5-b316-0b59110824a1,BYD,Atto 3,2022 - Present,x,x,,,,,,
f746f927-4e35-476c-aeb4-18f0f60df741,BYD,Dolphin,2023 - Present,,x,,,,x,,
c367ce1e-6e06-4f99-8735-4637c85e641c,BYD,Seal,2023 - Present,x,,x,,,,,
db4938b5-4afa-4fbb-bb76-c6d2bed372ad,Chery,Tiggo 7 Pro,2023 - Present,x,,,,,x,,
21cc2082-87f2-4b94-8b6a-c3d4a181c001,Chevrolet,Camaro (Gen6),2016 - 2024,,,,,,,,x
aefea3e9-57b2-4259-8134-a2e0f51c4bd4,Chevrolet,Corvette C8 Stingray,2020 - Present,,,,,,,,x
0128480a-1d7a-4f0d-9307-296fbd0190ef,Citroën,Berlingo III (K9),2018 - Present,x,,,,x,x,,
0cf65d71-e02e-4cec-8457-6d745ac10fb8,Citroën,C3 Aircross,2017 - Present,x,x,,,,x,,
81b74d2f-0dee-4c19-8ade-e6456e557868,Citroën,C3 III,2017 - Present,,x,,,,x,,
8dabc8e6-701c-4886-8bd1-506e945169f4,Citroën,C4 III / ë-C4,2020 - Present,x,x,,,,x,,
4621be88-11af-4ccb-b96f-b0f29502ffea,Citroën,C5 Aircross,2018 - Present,x,,x,,,,,
53a485ec-21a8-473b-9961-02242ce56fa1,Citroën,C5 X,2022 - Present,x,,x,,,,,
a910c52e-38b7-4cbb-8ee0-034278c8f318,Cupra,Born,2021 - Present,,x,,,,,,x
627f1019-935b-4c14-869e-8beaf20581a0,Cupra,Formentor,2020 - Present,x,,x,,,,,x
90011245-a21e-4966-b6a5-b12803af7029,Cupra,Tavascan,2024 - Present,x,,,,,,,x
b91a6cc7-adf4-4f71-93e0-6a2b58a4e6b6,Dacia,Dokker (FE),2012 - 2022,x,,,,x,x,,
f6d6b1b9-9cfa-4486-8e9f-0f9b2b9b88ec,Dacia,Duster I (HS),2010 - 2017,x,,,,x,x,x,
dbc633f9-7a66-4b79-99f9-453485d674c4,Dacia,Duster II (HM),2018 - Present,x,,,,x,x,x,
19aac2f7-fb9f-4522-884a-80042331f839,Dacia,Duster III (HN),2024 - Present,x,,,,x,x,x,
3c424138-d908-4f85-8c1d-a3bce506453b,Dacia,Jogger (RJI),2022 - Present,x,,x,,,x,,
628a65e0-9abe-41f5-b37b-49cf7b2c6cb9,Dacia,Lodgy (JS),2012 - 2022,x,,,,x,x,,
2c3a322d-86cc-45f4-98c1-ea3f537d9881,Dacia,Logan II (L52),2008 - 2020,x,x,,,,x,,
3e7246a2-1992-4a58-a59c-a703b82d1829,Dacia,Logan III (LJ),2021 - Present,x,,,,,x,,
d9c4a645-65c4-47be-b89c-a802a100cfc8,Dacia,Sandero II (B52),2013 - 2020,,x,,,,x,,
b86fad56-96e7-4bba-8166-c2db42bd623b,Dacia,Sandero III (BJ),2021 - Present,,x,,,,x,,
677e9771-9462-42b3-a73e-7e5ed5559c68,Dacia,Spring,2021 - Present,,x,,,,x,,
59d98b09-5905-4476-a8ee-e6f0aa5e0475,Dodge,Challenger (LC),2008 - 2023,,,,,,,,x
4875c19f-b3d1-46cf-bbd0-bfab37221e7b,Fiat,500 (312),2007 - 2023,,x,,,,x,,
eba4a7ed-2182-48db-b25d-787f9be5405a,Fiat,500e (332),2020 - Present,,x,,,,,,
1ee22300-8a93-4b8d-aa63-261e90a6e599,Fiat,500X,2015 - Present,,x,,,,x,,
a5f3d2bb-2406-4385-84ea-a15ecd9fab22,Fiat,600e,2024 - Present,x,x,,,,,,
ca4f0f73-70a3-4390-bdb6-93e3ddec9c0b,Fiat,Panda (319),2012 - Present,,x,,,,x,,
293808ba-838e-4ee6-ae88-cd14693bc364,Fiat,Tipo (356),2016 - Present,x,x,,,,x,,
bf6f1afb-7842-4f24-911b-cbde53dfb8f0,Ford,EcoSport (EU facelift),2014 - 2022,,x,,,,x,,
8f76506d-9c77-4239-8b0e-e306b52afb8d,Ford,Explorer EV,2024 - Present,x,,x,,,,,
79f47eb9-1eaf-488d-aaf0-857a292289f6,Ford,Fiesta VII (HJ),2017 - 2023,,x,,,,x,,x
57a612de-b326-4d8c-8178-c58676f08e0f,Ford,Focus III (DYB),2011 - 2018,x,x,,,,x,,x
32ff1dc5-9e41-4af4-9dc2-55960c1b2e64,Ford,Focus IV (C519),2018 - 2024,x,x,,,,x,,x
153d1cb4-af52-47e4-a5c9-052a2925948e,Ford,Focus RS (Mk3),2016 - 2018,,,,,,,,x
c9561ecd-4446-4c49-b876-1e8cdeee42a5,Ford,Kuga II (DM2),2013 - 2019,x,,x,,,x,,
c630045d-1863-4fbe-a225-7e3737fbea2c,Ford,Kuga III (CX482),2020 - Present,x,,x,,,,,
10010810-ac42-4dd3-b42a-541318aa62c0,Ford,Mondeo V (CD391),2014 - 2022,x,,x,,,x,,
cc1f452d-2d5b-4165-beea-3bb3a197d5ea,Ford,Mustang (S550),2015 - 2023,,,,,,,,x
d4cfa123-9c0d-471b-a271-79e2baa4925e,Ford,Mustang Mach-E,2021 - Present,x,,x,,,,,x
d9ed675c-6a36-49d6-8b62-88c2fecfb3ff,Ford,Puma (JK8),2019 - Present,x,x,,,,,,x
5cb35c4a-c478-469d-afa9-dd304e905b64,Ford,Ranger (T6.2),2022 - Present,x,,,,x,,x,
009310a0-2eae-4e1e-8804-e1acd240c106,Ford,Ranger Raptor,2019 - Present,x,,,,x,,x,x
7f00e99c-80f4-4571-b6fb-6c93b86e4d11,Ford,S-Max II,2015 - 2023,x,,x,,,x,,
80166d52-f1e3-45f3-aaaf-de8531ee95bd,Ford,Tourneo Connect II,2013 - 2022,x,,,,x,x,,
d940445a-5081-4de1-9af6-35cee4d97edd,Honda,Civic (FC/FL),2017 - Present,x,x,,,,,,x
53dfa0aa-d0bc-4d44-9033-66f5f7e7819e,Honda,CR-V (RW),2017 - Present,x,,x,,,,,
cbefb2c1-eba0-4d78-a8c8-9a24b75adef6,Honda,e:Ny1,2023 - Present,x,x,,,,,,
c7f0f226-8706-4bd8-b424-136a0af9e782,Honda,HR-V (RV),2021 - Present,x,x,,,,,,
1e37a334-6a73-4f9f-a192-f43f1fd94f9a,Honda,Jazz / Fit (GR),2020 - Present,x,x,,,,,,
c1c60409-2d69-40c0-92a3-95cca5dfa5d4,Hyundai,Bayon,2021 - Present,,x,,,,x,,
87f18a1b-368b-4327-9f4e-242eabdd3fd0,Hyundai,i20 (BC3),2020 - Present,,x,,,,x,,
96a0bef1-d781-41a7-b821-f53e344ecb73,Hyundai,i20 II (GB),2014 - 2020,,x,,,,x,,
a9e05d1d-6f98-4d9f-81fb-2b64da387d4f,Hyundai,i30 (PD),2017 - Present,x,x,,,,x,,
179628dd-65fb-4d06-9d40-0f4824d9bd74,Hyundai,i30 II (GD),2012 - 2017,x,x,,,,x,,
4280517f-7a92-4587-b613-a37c345746a8,Hyundai,i30 N,2017 - Present,,,,,,,,x
a62e0b73-f4b9-4f32-ac88-d990df110657,Hyundai,i40 (VF),2011 - 2019,x,,x,,,x,,
8f618da8-6eba-4ad6-9947-bded827ba320,Hyundai,Ioniq 5,2021 - Present,x,,x,,,,,
d2e2b740-227a-4da0-b99d-92ab44408656,Hyundai,Ioniq 6,2023 - Present,x,,x,,,,,
9075e6bb-d82e-4b66-8335-b2bfd83fb2d6,Hyundai,Ioniq Hybrid (AE),2016 - 2022,x,,x,,,x,,
062ec6e7-c5be-4448-8073-90881e9abd94,Hyundai,ix35 / Tucson II (LM),2010 - 2015,x,,,,,x,,
7d0ad48d-38e4-4f46-ac30-7d16fe94fd6d,Hyundai,Kona (OS),2017 - 2023,x,x,,,,x,,
c571e758-3acd-435b-b39b-3650f3dce049,Hyundai,Kona Electric (SX2),2023 - Present,x,x,,,,,,
94ca8406-b68b-4ebc-b15a-e2808d7bd835,Hyundai,Santa Fe (TM),2018 - Present,x,,x,,,,,
79599e05-a4df-4fff-8f9a-72c7a9c42f7c,Hyundai,Staria,2022 - Present,x,,x,,x,,,
0c13cab4-a172-44db-be9b-ac305a681bff,Hyundai,Tucson III (TL),2015 - 2020,x,,,,,x,,
fe11cdff-832e-47af-98d4-ad75634f6a3c,Hyundai,Tucson IV (NX4),2021 - Present,x,,x,,,,,
619831f3-6a22-4613-8f1c-be664a86e8ff,Jaguar,E-Pace,2018 - 2024,x,x,,,,,,
da03b9e9-b88a-4fd9-b1a5-d82f5239e431,Jaguar,F-Type,2013 - 2024,,,x,x,,,,x
a53fb1cc-7a4e-49af-9776-6210d0528a6a,Jaguar,I-Pace,2018 - 2025,x,,x,x,,,,
cfe3e1f4-e255-4d82-8a9f-382d537e55c7,Jaguar,XE,2015 - 2023,,,x,x,,,,x
8a2c587d-d86a-49bc-a5a1-75e5499745c3,Jaguar,XF (X260),2015 - 2024,x,,x,x,,,,
cc27b7e5-90fb-4a39-9d13-9e1bb825b99f,Jeep,Compass (MP),2017 - Present,x,,,,,,,
c50690bc-4a98-49b7-ac33-72e8d0e8cdc9,Jeep,Grand Cherokee (WL),2022 - Present,x,,x,x,,,x,
64574149-a43f-4f93-ae8b-7fb69a10bf54,Jeep,Renegade,2014 - Present,x,x,,,,x,,
63e8af99-0a81-4c96-ac0f-ad74fc83aa75,Jeep,Wrangler (JL),2018 - Present,,,,,,,x,x
914da436-19b2-4089-b617-d7b1245735b8,Kia,Ceed II (JD),2012 - 2018,x,x,,,,x,,
3edb9c42-ffe8-4bc6-b49c-8dad2068c674,Kia,Ceed III (CD),2018 - Present,x,x,,,,x,,
8f53b097-ccb0-4b83-beec-39d0f3161d05,Kia,EV6,2021 - Present,x,,x,,,,,x
2102b5a2-5937-4bec-92cd-4a74dd3a56d0,Kia,EV9,2023 - Present,x,,x,x,,,,
a5e8f544-4950-4b47-93bd-5d73aa505f99,Kia,Niro I (DE),2016 - 2022,x,x,,,,x,,
f6d90854-b59a-400d-a1a7-3a9907cca415,Kia,Niro II (SG2),2022 - Present,x,x,,,,,,
62dcf9b7-84b4-410c-a139-59eb5c532af7,Kia,Picanto III (JA),2017 - Present,,x,,,,x,,
75ca8655-1fc7-430b-97cb-441bf1b83691,Kia,Rio IV (YB),2017 - Present,,x,,,,x,,
f21841aa-fd6d-4bc3-bcb2-65362f59218f,Kia,Sorento IV (MQ4),2020 - Present,x,,x,,,,,
72d2e5bf-7668-4ac8-8555-98f4edb1c8a0,Kia,Sportage III (SL),2010 - 2015,x,,,,,x,,
5943e626-12dc-45fa-8041-0118517d553c,Kia,Sportage IV (QL),2016 - 2021,x,,,,,x,,
8e517f73-0f97-41cb-9bd6-b9b638418640,Kia,Sportage V (NQ5),2022 - Present,x,,x,,,,,
358ad31a-5346-43f5-9fbe-e25a758fcbed,Kia,Stonic (YB),2017 - Present,x,x,,,,x,,
32315083-2c52-44ec-b6ff-045574ab21f9,Kia,XCeed,2019 - Present,x,x,,,,,,
061b2260-0abb-4449-9d57-d7b227e74719,Land Rover,Defender (L663),2020 - Present,x,,x,x,,,x,
b719e5f5-3dfc-4399-944b-aa85be559761,Land Rover,Discovery Sport (L550),2015 - Present,x,,x,x,,,x,
4f6f95e8-172b-4224-a9c2-7e55f18c3457,Land Rover,Range Rover (L460),2022 - Present,x,,x,x,,,x,
b57c32e0-e684-4add-a473-e686e91a3574,Land Rover,Range Rover Evoque (L551),2019 - Present,x,x,,x,,,,
9bf4717a-d94a-41d4-8d2e-6d7258b87310,Land Rover,Range Rover Sport (L461),2022 - Present,x,,x,x,,,x,
20fa4e59-8a8a-48d6-9975-e7ab9a85a1ee,Land Rover,Range Rover Velar,2017 - Present,x,,x,x,,,,
9f744684-5f9c-487a-b07e-e337b9b86d0d,Lexus,NX (AZ20),2022 - Present,x,,x,x,,,,
6118e4cd-6923-41ca-a8cd-b0931f7274aa,Mazda,CX-3 (DK),2015 - 2023,,x,,,,x,,
24e2c659-12c0-401d-9b78-5012ccaa7807,Mazda,CX-30,2019 - Present,x,x,,,,,,
946e0ecc-d3a7-4553-ad8e-403df49dd11d,Mazda,CX-5 (KF),2017 - Present,x,,x,,,,,
72c11826-c6e2-400e-abed-337757bd26a3,Mazda,CX-60,2022 - Present,x,,x,x,,,,
689aabb5-33e6-4ac0-8b68-56aa1cd94c10,Mazda,Mazda 2 (DJ),2015 - Present,,x,,,,x,,
0edf9955-195d-4d00-bfcd-9de2acfe23a8,Mazda,Mazda 3 (BP),2019 - Present,x,x,,,,,,x
a4e75ded-0e40-4704-8593-f781b343cefd,Mazda,Mazda 6 (GJ/GL),2013 - 2023,x,,x,,,x,,x
71ee38e4-911c-4800-b073-0f9b654c17c8,Mazda,MX-5 (ND),2015 - Present,,,,,,,,x
4dc2073f-f57f-4b80-ba45-5e218bfcc658,Mercedes-Benz,A-Class (W176),2012 - 2018,x,x,,,,,,x
ba912d29-ffa2-4230-9a60-898736bb131c,Mercedes-Benz,A-Class (W177),2018 - Present,x,x,,,,,,x
093b8d69-f7b2-4ddb-82c1-abd2bbeb6ea9,Mercedes-Benz,AMG C63 (W205),2015 - 2021,x,,x,x,,,,x
895bdaef-0bb8-43c6-b542-85a12e2c4ce8,Mercedes-Benz,AMG E63 S (W213),2017 - 2023,x,,x,x,,,,x
5d2e68f9-1140-4a6a-850c-96bcb7596a84,Mercedes-Benz,AMG GT (C190),2015 - 2024,,,x,x,,,,x
85c6057a-e9fb-4217-9239-1a2941885129,Mercedes-Benz,B-Class (W246),2012 - 2019,x,x,,,,,,
9fee4125-4d72-4638-ba22-0700a96cb1cc,Mercedes-Benz,C-Class (W204),2007 - 2014,x,,x,x,,,,
83988cd4-dcd4-4d03-a250-a4f54b6ebc7d,Mercedes-Benz,C-Class (W205),2014 - 2021,x,,x,x,,,,
0f7879ee-6532-4bcf-9f6a-a9a505e7e1c7,Mercedes-Benz,C-Class (W206),2021 - Present,x,,x,x,,,,
f7d113a6-d6a8-44a0-ac87-499c5b68a6b5,Mercedes-Benz,CLA (C117),2013 - 2019,,x,x,,,,,
da33d30f-254b-419b-9e74-f2aa232de2ac,Mercedes-Benz,CLA (C118),2019 - Present,,x,x,,,,,x
4232e30e-2e6c-4698-8cb7-b0b5d05e7731,Mercedes-Benz,E-Class (W212),2009 - 2016,x,,x,x,,,,
ef406819-6dc5-46b7-9317-053dd4561f92,Mercedes-Benz,E-Class (W213),2016 - 2024,x,,x,x,,,,
6a2a1993-326f-4835-b693-8dc45c5a50f2,Mercedes-Benz,EQA (H243),2021 - Present,x,x,,,,,,
687780a4-f657-494e-8481-daeed08c80d5,Mercedes-Benz,EQB (X243),2021 - Present,x,x,,,,,,
0ba07f8b-5040-4347-8c4d-38ae043cbaa4,Mercedes-Benz,EQE (V295),2022 - Present,x,,x,x,,,,
25f88748-a476-41da-a57a-e373862fb754,Mercedes-Benz,EQS (V297),2021 - Present,x,,x,x,,,,
975f4f80-447e-4319-8a18-c6807c79efd6,Mercedes-Benz,G-Class (W463),2018 - Present,x,,,x,,,x,
75ad7464-eb4c-466b-9bdd-30e511ed0dbe,Mercedes-Benz,GLA (H247),2020 - Present,x,x,,,,,,
615716bf-cf86-438d-8491-e137bb5509fd,Mercedes-Benz,GLA (X156),2013 - 2020,x,x,,,,,,
ea419e31-b914-41a6-9f1c-b0cf765426e6,Mercedes-Benz,GLB (X247),2019 - Present,x,x,,,,,,
98f8c636-0281-4a1d-916a-cd57c9a0d3ad,Mercedes-Benz,GLC (X253),2015 - 2022,x,,x,x,,,,
8e70db47-aee3-4a21-b29a-23b8f3872178,Mercedes-Benz,GLE / ML (W166),2012 - 2019,x,,x,x,,,,
6b127755-157b-4f5d-9c18-9ea8b30b8c3c,Mercedes-Benz,Vito Tourer (W447),2014 - Present,x,,x,,x,,,
addea6ef-8705-4cf5-b547-fd81194ccc9e,MG,MG4,2022 - Present,x,,,,,x,,x
84deca00-cab2-404d-9e65-d732a2274ba4,MG,ZS EV,2019 - Present,x,x,,,,x,,
2f3cbf3e-e711-40c6-9f6a-00b1648779c0,MINI,Clubman (F54),2015 - 2024,x,x,,,,,,x
09f38e3d-3f66-447b-adef-c4d1c2836766,MINI,Cooper (F56),2014 - 2024,,x,,,,,,x
56a84e15-7856-421e-83b5-40b616da3797,MINI,Countryman (F60),2017 - 2023,x,x,,,,,,x
ef61f4e8-0516-4fae-a009-afde3bdcf566,Mitsubishi,ASX,2010 - Present,x,x,,,,x,,
6a07ceac-2f9d-4988-a0df-8f0da59917e1,Mitsubishi,Eclipse Cross,2018 - Present,x,x,,,,,,
1c57f878-5377-4952-b83f-6c57b98ba858,Mitsubishi,L200 (KL),2019 - Present,x,,,,x,,x,
82612a47-58e8-4a63-b666-fe12b699cfc3,Mitsubishi,Outlander PHEV (GG/GN),2014 - Present,x,,x,,,,,
750dafa6-51f0-4164-9e00-83a253facc49,Nissan,370Z / Z (Z34),2009 - 2020,,,,,,,,x
25942eb7-1636-45a5-8cc3-c3e1e0704e4a,Nissan,Ariya,2022 - Present,x,,x,,,,,
bf8ad5cc-60a5-4502-9aca-882c0594b15f,Nissan,Juke (F16),2019 - Present,x,x,,,,,,
713b98fa-8bf2-48b2-9c08-1d14a01f180d,Nissan,Leaf (ZE1),2018 - Present,x,x,,,,x,,
726e24d3-00a3-431a-ac5f-38af71ab5141,Nissan,Micra (K14),2017 - 2024,,x,,,,x,,
9c7ad9d7-50a4-4cf7-a01d-b376ff18fbe0,Nissan,Navara (D23),2015 - Present,x,,,,x,,x,
4de7d1b4-2332-4953-aafc-99d29d35332a,Nissan,Qashqai (J11),2014 - 2021,x,x,,,,x,,
f53e0108-3ac7-4107-adfd-e3de17cfc9ed,Nissan,Qashqai (J12),2021 - Present,x,x,,,,,,
74a7b02d-621e-45c4-9f98-4eb7911962d6,Nissan,X-Trail (T33),2022 - Present,x,,x,,,,x,
7d3d3b3b-dcb6-4a43-af5d-787288434b74,Omoda,5 (C5),2023 - Present,x,x,,,,x,,
068db557-3994-461c-bcd7-5857e59fc3ea,Opel,Astra J,2009 - 2015,x,x,,,,x,,
a527c475-14fe-429d-a23c-573c0ee042d1,Opel,Astra K,2015 - 2021,x,x,,,,x,,
58c7db0e-67c9-4af0-9690-fff04abc3cc3,Opel,Astra L,2022 - Present,x,x,,,,,,
24500b48-7aee-4175-b344-b38218131c61,Opel,Corsa E,2014 - 2019,,x,,,,x,,
29663d27-ea6f-459c-86f8-598ba86ac118,Opel,Corsa F,2019 - Present,,x,,,,x,,
2a022ffa-269d-44b9-a294-2cc268ad930c,Opel,Crossland,2017 - Present,x,x,,,,x,,
f1179ba0-7092-4552-b68d-ba01065f4d62,Opel,Grandland,2017 - Present,x,,x,,,,,
79d99d83-09ac-4a38-81fb-846095c2c403,Opel,Insignia B Grand Sport,2017 - 2022,x,,x,,,x,,
bc12c280-96b1-44cb-a46c-1a15fee4bc1b,Opel,Mokka B,2020 - Present,x,x,,,,,,
05f4bf84-c10f-4ecc-9d7c-b794ce3d23f8,ORA,Funky Cat (Good Cat),2022 - Present,,x,,,,x,,
78f6bbff-49b9-4f11-ae5c-7eb054155dea,Peugeot,2008 I (A94),2013 - 2019,x,x,,,,x,,
940ae089-c885-49a2-ace4-3c03a12db8ca,Peugeot,2008 II (P24),2019 - Present,x,x,,,,,,
4024a348-497d-4e47-a6b5-858022372745,Peugeot,208 I (A9),2012 - 2019,,x,,,,x,,
aaa3d3c9-194f-4f13-a20c-5bf27af6c9d8,Peugeot,208 II (P21),2019 - Present,,x,,,,x,,
6c71cc92-cccf-4fde-9d55-b9865fcd0443,Peugeot,3008 I (T84),2009 - 2016,x,,,,,x,,
fdc47a7b-6d42-4800-94f3-68f3d5db5697,Peugeot,3008 II (P84),2016 - 2024,x,,x,,,,,
6cd41c05-2a0c-4b92-b4fb-6ed5c07c09f1,Peugeot,308 II (T9),2013 - 2021,x,x,,,,x,,
24b5bbe7-db86-46d8-84bf-4273d47098e1,Peugeot,308 III (P5),2021 - Present,x,x,,,,,,
cebeefbd-274a-4eba-bf01-bba8d7240ee5,Peugeot,408,2022 - Present,x,,x,,,,,
0bcd96e4-722d-468b-811c-d3d370bcee0e,Peugeot,5008 II (P87),2017 - 2024,x,,x,,,,,
bacd94e0-786d-4db3-bf7a-56ae899a8184,Peugeot,508 I (W2),2011 - 2018,x,,x,,,x,,
9b349b83-4ad6-4a68-af89-dbef8970cf3b,Peugeot,508 II (R8),2018 - Present,x,,x,,,,,
05c08c06-8a7b-4e46-83d9-f77d52bf88bb,Peugeot,E-3008 (New),2024 - Present,x,,x,,,,,
707a8683-2b00-4573-ab24-b728cb4f33b8,Peugeot,Rifter (K9),2018 - Present,x,,,,x,x,,
0dd483f3-ea26-4c91-aba2-60bff381f62a,Porsche,718 Cayman / Boxster,2016 - 2024,,,,,,,,x
56387aa2-8b73-455c-bfc9-70ed8fc5c8a9,Porsche,911 (991.2),2016 - 2019,,,,x,,,,x
d129621b-1364-49e8-bc5e-7a571f61a832,Porsche,911 (992),2019 - Present,,,,x,,,,x
538a0507-9580-4293-b357-c1f51abb2965,Porsche,Cayenne (E3),2018 - Present,x,,x,x,,,,
a2679a39-a745-4866-816c-3ab8c098810f,Porsche,Macan (95B),2014 - Present,x,,x,x,,,,x
bef92b98-72bf-4943-85ba-1eb156003fdf,Porsche,Panamera (971),2017 - Present,x,,x,x,,,,x
8a460c12-d27f-4b69-8ce1-f8cee26c188c,Porsche,Taycan,2019 - Present,x,,x,x,,,,x
51d1ca18-f121-4dd8-ad4a-547987dcafab,RAM,1500 (DT),2019 - Present,x,,,,x,,x,
31608023-4df8-4a0e-b22b-9f85bbf234d9,Renault,5 E-Tech Electric,2024 - Present,,x,,,,x,,
2ae07030-56e7-4233-9391-a0cb973672ab,Renault,Arkana,2021 - Present,x,,x,,,,,
6402bd6a-57c5-481e-ad5a-4737a0876260,Renault,Austral,2022 - Present,x,,x,,,,,
6b95e3f4-52f9-485f-994c-c08d4dfa431b,Renault,Captur I (J87),2013 - 2019,x,x,,,,x,,
da3b4b06-8274-479d-b87a-e337ef89ed19,Renault,Captur II (HJA),2019 - Present,x,x,,,,,,
dfd1c1d1-547e-4808-b4e6-ad494b721d94,Renault,Clio III (BR),2005 - 2014,,x,,,,x,,
903f8408-9afa-4215-9da7-5c6dcdc229bf,Renault,Clio IV (BH),2012 - 2019,,x,,,,x,,
5c59628f-8b7c-4238-8e0f-9e79a65a0390,Renault,Clio V (BF),2019 - Present,,x,,,,x,,
a811cda1-5d4a-45c8-a5b6-c37a7b6eebf7,Renault,Kadjar (HFE),2015 - 2022,x,,,,,x,,
e9deec40-a8ea-4f93-a33e-3a6811102d2b,Renault,Kangoo II (KW),2008 - 2021,x,,,,x,x,,
f0362ac7-aadc-49f5-9d28-8dfff7b7205f,Renault,Megane E-TECH Electric,2022 - Present,x,x,,,,,,
787f9e9a-5118-4912-b2b1-de57c4004909,Renault,Megane III (BZ),2008 - 2016,x,x,,,,x,,
a8b5c6a9-fac7-41a5-a135-87a056f0cd01,Renault,Megane IV (BFB),2016 - 2023,x,x,,,,x,,
d2e09ec5-bc88-4720-9cd0-7f9eb578b2ba,Renault,Scenic E-Tech Electric,2024 - Present,x,,x,,,,,
de1fba78-5ac0-49d1-9374-d4b3975359cf,Renault,Scenic III (JZ),2009 - 2016,x,x,,,,x,,
c6d35b80-b4b8-456c-807f-3c3384d65b08,Renault,Scenic IV (JFA),2016 - 2023,x,,,,,x,,
6c8f92c2-528f-4c75-be0a-8343b31ed74c,Renault,Zoe,2013 - 2024,,x,,,,x,,
be1186e5-3108-4908-8c1c-ca7a1533a554,SEAT,Arona,2017 - Present,x,x,,,,x,,
c70f4664-2872-4fae-985d-ddcfd9bfbc46,SEAT,Ateca,2016 - Present,x,,x,,,,,
2bd3d94c-385e-4145-88b0-0f6aed7a896c,SEAT,Ibiza V (6F),2017 - Present,,x,,,,x,,
7319e9ec-4dc6-490a-9083-00a54bffa85a,SEAT,Leon III (5F),2012 - 2020,x,x,,,,x,,
6047c269-17d4-43b5-b2ac-ba650baff9be,SEAT,Leon IV (KL),2020 - Present,x,x,,,,,,
2f0dc803-a40b-46c3-bff8-c2b306c1fb92,SEAT,Tarraco,2018 - Present,x,,x,,,,,
fb35d8fd-4ae9-439f-a233-a6c34628b4f2,Škoda,Citigo (AA),2012 - 2020,,x,,,,x,,
f8e7d8dd-37c3-49bd-baf9-1af9d68d5f6d,Škoda,Elroq,2025 - Present,x,x,,,,,,
09ea0a9b-4849-4152-a49b-ec128a9d203d,Škoda,Enyaq iV,2021 - Present,x,,x,,,,,
72b921bd-1aed-4091-8e21-759324d61864,Škoda,Fabia II (5J),2007 - 2014,,x,,,,x,,
54c123d2-a75c-4f56-bc37-89c495438e03,Škoda,Fabia III (NJ),2014 - 2021,,x,,,,x,,
43c5233e-3e93-4f8f-bd6d-7cbf87526d64,Škoda,Fabia IV (PJ),2021 - Present,x,x,,,,x,,
7c47ab78-50eb-4d3b-90c1-eac15a186418,Škoda,Kamiq (NW),2019 - Present,x,x,,,,,,
52aa001b-8d9c-468f-a6e6-6f5ef429de0a,Škoda,Karoq (NU),2017 - Present,x,,x,,,,,
42eed166-bef1-4867-9d6b-0db975b592fc,Škoda,Kodiaq (NS7),2016 - 2024,x,,x,,,,,
d17bdd2f-9f85-4148-a4c1-503beeec98e3,Škoda,Octavia II (1Z),2004 - 2013,x,,x,,x,x,,
60852268-af72-4cb2-9f32-9e07c6925ab0,Škoda,Octavia III (5E),2013 - 2020,x,,x,,x,x,,
6048aa32-716d-4d6a-a86d-ac2974a3e704,Škoda,Octavia IV (NX),2020 - Present,x,,x,,x,,,
f171fbf1-402a-47ea-9697-1391179e227f,Škoda,Rapid Spaceback (NH3),2013 - 2019,x,x,,,,x,,
4171369c-f614-4ca0-acbd-cc29862e8b1a,Škoda,Roomster (5J),2006 - 2015,x,x,,,,x,,
b1ff37ef-fd2b-447e-844e-29082ce98512,Škoda,Scala (NW),2019 - Present,x,x,,,,x,,
29f8344c-e5eb-4f66-9bec-52d61cc3451c,Škoda,Superb II (3T),2008 - 2015,x,,x,,x,x,,
35d21080-d86a-4b16-b986-add78ff243f9,Škoda,Superb III (3V),2015 - 2024,x,,x,x,x,,,
4840d603-e881-4462-bf67-553fa87628a5,Škoda,Superb IV (NX),2024 - Present,x,,x,x,x,,,
93fa7d4b-3004-4024-8a2a-9d6c9fc7cfb6,Škoda,Yeti (5L),2009 - 2017,x,x,,,,x,,
53f12b95-7091-42bf-85c5-c04292e87b66,Smart,#1,2023 - Present,x,x,,,,,,
7003c12e-24c6-47bc-8aec-a14c001ce111,Subaru,BRZ (ZD8),2022 - Present,,,,,,,,x
66fa5ffb-e0fa-4a3e-a11b-beed25cc2390,Subaru,Forester (SK),2018 - Present,x,,x,,,,x,
de2fdf3b-d2de-4822-bfaf-d510826cfd82,Subaru,Impreza (GK),2017 - Present,x,x,,,,,,
dd26a075-6254-4373-9f8a-c02d501b5436,Subaru,Outback (BT),2021 - Present,x,,x,,,,x,
bcc2ad58-8cb3-41d7-9e3a-da6ef53a9fda,Subaru,XV / Crosstrek (GT),2017 - Present,x,x,,,,,x,
fa0548c9-0767-4412-a2f4-648138cfe989,Suzuki,Jimny (JB74),2018 - Present,,x,,,,,x,
0914b537-39ae-42dd-a158-4cca4368b348,Suzuki,S-Cross (JY),2022 - Present,x,x,,,,x,,
0e3bbba6-e7c9-4978-a0ab-2eb00bd8c907,Suzuki,Swift (AZ),2017 - Present,,x,,,,x,,x
a0e04781-8edb-4f1d-a70e-7e48e360253d,Suzuki,Vitara (LY),2015 - Present,x,x,,,,x,,
b34765b9-2de7-4a8c-86b5-c85e8c182d81,Tesla,Model 3,2017 - Present,x,,x,,,,,x
79d1b612-238b-48a6-a81d-123ed3ed9059,Tesla,Model S,2012 - Present,x,,x,x,,,,x
cd852809-12dc-4b8c-ba5f-4ac62681ec94,Tesla,Model Y,2020 - Present,x,,x,,,,,
f9012bb4-4f45-4e7e-90d9-cbc4415ff28e,Toyota,Auris II / Corolla (E180),2013 - 2019,x,x,,,,x,,
938aea09-f63f-417e-aad0-c9fda9d9f7d2,Toyota,Aygo (AB40),2014 - 2022,,x,,,,x,,
095737c3-8a42-4600-9863-3e063473f0e6,Toyota,bZ4X,2022 - Present,x,x,,,,,,
42e411ac-d336-450f-b510-e4d4d2704539,Toyota,C-HR (AX10/AX50),2016 - 2024,x,x,,,,,,
49369eca-5de2-45be-9840-b245134358ac,Toyota,Camry (XV70),2019 - Present,x,,x,,,,,
2768ffb5-615b-40c1-ab60-e65240d9c67c,Toyota,Corolla (E210),2019 - Present,x,x,,,,,,
be71b41e-7538-4731-945f-6680620b1743,Toyota,Corolla Cross,2023 - Present,x,,x,,,,,
3ac12d33-dd18-4f7e-8847-e4926972d72e,Toyota,GR Supra (A90),2019 - Present,,,,,,,,x
5eaeb9cc-0898-42f6-b02a-1dcf624deefa,Toyota,GR86,2022 - Present,,,,,,,,x
d7a6b980-140d-4501-8746-0b6b56ec7cc5,Toyota,Hilux (AN120/AN130),2015 - Present,x,,,,x,,x,
ee801e02-159b-4dbd-80ce-1faeea6b4b01,Toyota,Land Cruiser (J150 Prado),2009 - 2024,x,,x,,,,x,
b0a4ff95-d9e7-4b6f-892c-3ed7e60eb001,Toyota,RAV4 (XA40),2013 - 2019,x,,x,,,,,
bcdc52ef-8262-42d3-98f3-5842d81a06f8,Toyota,RAV4 (XA50),2019 - Present,x,,x,,,,,
1ccb3c82-3d45-4a16-9821-fd55ea2d0ae4,Toyota,Verso (AR20),2009 - 2018,x,,,,,x,,
97bd7da2-6fcc-4227-9988-061050f62995,Toyota,Yaris (XP130),2011 - 2020,,x,,,,x,,
9a74e2ef-f78f-4a59-9b2f-30baacbd04ff,Toyota,Yaris (XP210),2020 - Present,,x,,,,x,,
772fe0e6-2b89-4988-9bb5-b65efbac5f92,Toyota,Yaris Cross (XP210),2021 - Present,x,x,,,,,,
fd03ebcb-a89e-4730-b829-9350e9e5fef4,Volkswagen,Amarok (2H),2010 - 2022,x,,,,x,,x,
79eb9407-eb2e-44f1-acde-19fd9d895873,Volkswagen,Arteon,2017 - Present,x,,x,x,,,,
96e0b256-5a79-4292-82ad-38e1ebda5402,Volkswagen,Caddy (2K/SA),2015 - Present,x,,,,x,x,,
17e8b5c0-ea7e-495c-bb88-55fe900a7d1a,Volkswagen,Golf R (Mk7/Mk8),2014 - Present,x,,x,,,,,x
46b7fb49-fb01-4f0a-a904-d098e934b0d8,Volkswagen,Golf VI (5K),2008 - 2013,x,x,,,,x,,
c9b60a97-fa57-43f7-8de0-d616c77bbeb8,Volkswagen,Golf VII (5G),2013 - 2020,x,x,,,,x,,
e251524c-d197-4f9a-ae1e-634208428e9c,Volkswagen,Golf VIII (CD),2020 - Present,x,x,,,,,,
35c12d09-5422-43be-a74b-e70f57d1441f,Volkswagen,ID. Buzz,2022 - Present,x,,x,,x,,,
d273e37e-dbf1-4ade-9e50-9abeaf6563ff,Volkswagen,ID.3,2020 - Present,x,x,,,,,,
db77d5c3-b3b7-4830-9029-96a8f3095a23,Volkswagen,ID.4,2021 - Present,x,,x,,,,,
1857bd56-14a7-40c5-ab77-5190a613b69a,Volkswagen,ID.5,2022 - Present,x,,x,,,,,
6e140eee-196b-4992-a4ca-0e662d935bd0,Volkswagen,ID.7,2023 - Present,x,,x,,,,,
f15560b9-712d-44b0-bbe4-135b07654afb,Volkswagen,Multivan / Transporter T6,2015 - Present,x,,x,,x,,,
90b43ab9-32df-4523-bd9f-dcd539a28c50,Volkswagen,Passat B7 (3C),2010 - 2015,x,,x,,x,x,,
d71b900d-1fbc-4389-bcc4-ca9dafcdcdc1,Volkswagen,Passat B8 (3G),2015 - 2024,x,,x,,x,,,
9d88a77a-02ab-4897-aba0-545e0a1b8e57,Volkswagen,Passat B9 Variant,2024 - Present,x,,x,,x,,,
2b85ec81-7341-4f2a-b458-d38bc84b3208,Volkswagen,Polo V (6R/6C),2009 - 2017,,x,,,,x,,
4c80f9c9-72dd-4a85-a3cc-6429ab262f02,Volkswagen,Polo VI (AW),2017 - Present,x,x,,,,x,,
b7254ead-fe55-401c-bbeb-31373536778c,Volkswagen,Sharan (7N),2010 - 2022,x,,x,,,x,,
6abeb507-14c3-4e15-b8de-13f01c13e784,Volkswagen,T-Cross,2019 - Present,x,x,,,,x,,
1a1a98a4-a1d0-4abb-96a3-637da370a569,Volkswagen,T-Roc (A11),2017 - Present,x,x,,,,,,
b32e01a6-59e0-42a1-b727-c0eac4425050,Volkswagen,Taigo,2022 - Present,x,x,,,,,,
c27c21e3-bb81-4874-a250-0293821c8327,Volkswagen,Tiguan Allspace (AD),2017 - Present,x,,x,,,,,
b4942e1d-3acb-485a-8c32-c6ffe4a8940e,Volkswagen,Tiguan I (5N),2007 - 2016,x,,,,,x,,
4fe566d0-ac06-4158-b1b0-8c896b6c322c,Volkswagen,Tiguan II (AD),2016 - Present,x,,x,,,,,
7fab62f9-a9d3-4ef5-99ff-8b1335085dbc,Volkswagen,Touareg (CR),2018 - Present,x,,x,x,,,x,
4ce51b44-d2b9-4a8f-9b81-cea40a861756,Volkswagen,Touran II (5T),2015 - Present,x,,x,,,,,
09fb75f4-0b3b-4744-bfcf-ec9af8f451f1,Volkswagen,up!,2012 - 2023,,x,,,,x,,
a00cbe28-cc47-4d8b-9724-4ab633611a9d,Volvo,C40 Recharge,2021 - Present,x,x,,,,,,
ce28352b-1f97-46e3-97ce-96e0ecf0b6ca,Volvo,EX30,2024 - Present,x,x,,,,,,
66f68b6d-1108-41ef-a531-53fecf353c66,Volvo,V40,2012 - 2019,x,x,,,,,,
e6a2da3b-439b-4cf3-acbf-c9df945e2898,Volvo,V60 (SPA),2018 - Present,x,,x,x,,,,
81d004d7-777a-4041-b6b6-8072319687e8,Volvo,XC40,2017 - Present,x,x,,,,,,
67943333-d7d9-4809-a7a2-7fcc5f37ec48,Volvo,XC60 (SPA),2017 - Present,x,,x,x,,,,
1d7e0c62-cbe0-47f6-a930-351f4d32772a,Volvo,XC90 (SPA),2015 - Present,x,,x,x,,,,